node_id_from,node_id_target,distance,level,has_stairs,is_accessible,is_indoor
n_14,n_108,1.1599464264050456,1,false,true,false
n_174,n_55,4.670518890432217,1,false,true,false
n_55,n_175,3.3541345257070456,1,false,true,false
n_175,n_49,3.7529940950808363,1,false,true,false
n_49,n_176,2.546983316795524,1,false,true,false
n_176,n_177,1.687540680780473,1,false,true,false
n_177,n_178,1.2941619188892997,1,false,true,false
n_179,n_180,8.80092322143695,1,false,true,false
n_180,n_181,2.2103093852819233,1,false,true,false
n_181,n_182,7.522972194233038,1,false,true,false
n_183,n_184,1.454352919909861,1,false,true,false
n_185,n_186,0.8058562810912273,1,false,true,false
n_186,n_187,1.986770691697919,1,false,true,false
n_187,n_188,2.417568841754418,1,false,true,false
n_188,n_189,1.3954376297597002,1,false,true,false
n_189,n_190,2.136210388870012,1,false,true,false
n_190,n_191,2.3668501860784934,1,false,true,false
n_191,n_192,2.9087057749800964,1,false,true,false
n_192,n_193,4.576797165157416,1,false,true,false
n_193,n_194,2.0939598479140233,1,false,true,false
n_194,n_195,2.4711352713151737,1,false,true,false
n_195,n_196,3.336326266128966,1,false,true,false
n_196,n_197,1.4767042976643956,1,false,true,false
n_197,n_198,1.3739243194482225,1,false,true,false
n_198,n_199,4.290845496100804,1,false,true,false
n_199,n_200,6.956686921453906,1,false,true,false
n_200,n_201,1.3227156839624232,1,false,true,false
n_201,n_202,1.0392335122664174,1,false,true,false
n_203,n_204,1.3975024953182456,1,false,true,false
n_204,n_205,4.723944454589723,1,false,true,false
n_205,n_206,3.2734696993482424,1,false,true,false
n_206,n_209,1.5612319015418765,1,false,true,false
n_209,n_210,6.920654814733517,1,false,true,false
n_210,n_211,1.721642206416008,1,false,true,false
n_211,n_212,5.418771031287203,1,false,true,false
n_214,n_179,5.003943532789753,1,false,true,false
n_215,n_217,1.9853188472000982,1,false,true,false
n_219,n_220,2.687936240252782,1,false,true,false
n_220,n_222,1.72554885548156,1,false,true,false
n_223,n_224,1.7702579498291016,1,false,true,false
n_224,n_225,0.8594259474184524,1,false,true,false
n_226,n_227,1.6108394538644237,1,false,true,false
n_227,n_228,2.6687647312376943,1,false,true,false
n_225,n_229,1.265130775843964,1,false,true,false
n_229,n_196,2.416174568850309,1,false,true,false
n_223,n_230,1.0230044036656165,1,false,true,false
n_230,n_222,1.0201819728404422,1,false,true,false
n_230,n_194,3.2046240100506034,1,false,true,false
n_217,n_231,3.279629687764038,1,false,true,false
n_231,n_219,1.2904429877067833,1,false,true,false
n_232,n_231,1.8414292513568853,1,false,true,false
n_232,n_192,1.4626652801300337,1,false,true,false
n_215,n_233,0.8915155186899556,1,false,true,false
n_233,n_234,0.8915145879348872,1,false,true,false
n_234,n_235,2.732193531233247,1,false,true,false
n_235,n_236,1.8077200498281345,1,false,true,false
n_236,n_237,1.6889781437591367,1,false,true,false
n_237,n_238,2.481272608512554,1,false,true,false
n_238,n_239,1.1931309615008492,1,false,true,false
n_239,n_240,4.2415173389795395,1,false,true,false
n_240,n_241,1.707273954927027,1,false,true,false
n_241,n_242,1.9703150024933795,1,false,true,false
n_242,n_243,5.051883715262311,1,false,true,false
n_243,n_244,1.0737790526772406,1,false,true,false
n_246,n_247,3.664628012505359,1,false,true,false
n_247,n_248,1.5835691518013253,1,false,true,false
n_248,n_249,2.4573964213255444,1,false,true,false
n_247,n_250,1.0273250863258137,1,false,true,false
n_250,n_251,2.116438038937576,1,false,true,false
n_251,n_252,1.0098235926907577,1,false,true,false
n_252,n_253,1.8609708462883,1,false,true,false
n_253,n_254,2.7976350382904287,1,false,true,false
n_254,n_255,1.7086117053689982,1,false,true,false
n_255,n_256,1.762938873034817,1,false,true,false
n_256,n_257,3.449843660031431,1,false,true,false
n_257,n_258,3.5550145960787427,1,false,true,false
n_256,n_259,0.8627744926298898,1,false,true,false
n_259,n_260,3.8554625367502258,1,false,true,false
n_260,n_261,3.8016183165866235,1,false,true,false
n_261,n_262,1.9395843971441353,1,false,true,false
n_262,n_263,0.6324507788914376,1,false,true,false
n_263,n_27,1.5067122517959786,1,false,true,false
n_246,n_264,2.099460501339477,1,false,true,false
n_264,n_245,3.940491787905428,1,false,true,false
n_243,n_163,0.44170101619378016,1,false,true,false
n_163,n_38,0.4513675604847198,1,false,true,false
n_162,n_245,0.5724799189299448,1,false,true,false
n_25,n_162,0.8398998895114228,1,false,true,false
n_244,n_115,1.6538211800537315,1,false,true,false
n_115,n_14,1.0536050041027243,1,false,true,false
n_14,n_109,1.7366529039278937,1,false,true,false
n_109,n_2,1.5122404166853103,1,false,true,false
n_245,n_266,1.2408071138261816,1,false,true,false
n_266,n_244,1.618852628503428,1,false,true,false
n_266,n_109,2.766808302573128,1,false,true,false
n_108,n_267,1.8261681275704442,1,false,true,false
n_267,n_16,1.295378131461049,1,false,true,false
n_16,n_114,2.3810915504600008,1,false,true,false
n_114,n_15,2.4038107271143727,1,false,true,false
n_15,n_104,1.4508129611301217,1,false,true,false
n_104,n_164,0.9982683750926525,1,false,true,false
n_1,n_102,1.8780581517761976,1,false,true,false
n_164,n_268,1.4445576811815453,1,false,true,false
n_103,n_268,1.5119359325504484,1,false,true,false
n_268,n_1,2.4706570413442543,1,false,true,false
n_103,n_181,0.5922541743304498,1,false,true,false
n_102,n_101,2.4825514670501625,1,false,true,false
n_101,n_267,2.8819614619560534,1,false,true,false
n_33,n_110,1.72501506759271,1,false,true,false
n_110,n_113,2.00219131009613,1,false,true,false
n_32,n_270,2.455822977806014,1,false,true,false
n_273,n_236,1.4671561826596922,1,false,true,false
n_275,n_215,3.1662210964148785,1,false,true,false
n_273,n_275,2.7500318443155116,1,false,true,false
n_275,n_276,3.1640238675634658,1,false,true,false
n_276,n_188,1.6231048125653615,1,false,true,false
n_275,n_277,3.7219516861511623,1,false,true,false
n_277,n_187,1.6968676663922264,1,false,true,false
n_186,n_116,1.2691180370383106,1,false,true,false
n_116,n_3,1.188631557484532,1,false,true,false
n_182,n_30,1.5382815997836825,1,false,true,false
n_182,n_278,3.714150282907086,1,false,true,false
n_278,n_183,1.1299353845312075,1,false,true,false
n_278,n_138,2.4838067901210263,1,false,true,false
n_138,n_279,1.8852919768619358,1,false,true,false
n_279,n_140,1.282704013076045,1,false,true,false
n_140,n_29,1.324662103444999,1,false,true,false
n_138,n_31,1.6931444462914116,1,false,true,false
n_31,n_139,1.1881740033851158,1,false,true,false
n_139,n_184,1.2381310249284552,1,false,true,false
n_184,n_280,1.020181986649045,1,false,true,false
n_280,n_185,3.4402192221295325,1,false,true,false
n_280,n_137,1.9758884474296081,1,false,true,false
n_31,n_137,1.5179501029917133,1,false,true,false
n_137,n_173,2.7704929844175252,1,false,true,false
n_173,n_41,1.6679803071525798,1,false,true,false
n_173,n_44,1.7394723616107564,1,false,true,false
n_118,n_42,3.955067427042427,1,false,true,false
n_42,n_117,3.4740632209908466,1,false,true,false
n_117,n_209,1.2462533625752825,1,false,true,false
n_190,n_281,1.9410223147202583,1,false,true,false
n_281,n_118,1.9911223157741478,1,false,true,false
n_4,n_281,2.75154725282035,1,false,true,false
n_134,n_4,2.565799410226977,1,false,true,false
n_134,n_192,1.7570278477691894,1,false,true,false
n_282,n_193,1.636346936548875,1,false,true,false
n_282,n_5,1.985318852368902,1,false,true,false
n_5,n_130,2.559113636187452,1,false,true,false
n_130,n_129,1.27598698429537,1,false,true,false
n_129,n_195,1.0536147557168085,1,false,true,false
n_6,n_131,0.8054307400330306,1,false,true,false
n_131,n_130,1.053161507186817,1,false,true,false
n_290,n_7,1.2651354646232014,1,false,true,false
n_7,n_289,1.1512451844478777,1,false,true,false
n_289,n_288,2.336714151292364,1,false,true,false
n_288,n_286,3.3492651856689677,1,false,true,false
n_286,n_285,1.5792934842474668,1,false,true,false
n_285,n_284,1.4993532758115067,1,false,true,false
n_284,n_283,1.3862132713734763,1,false,true,false
n_283,n_282,1.097406348197238,1,false,true,false
n_286,n_287,1.6670541969803157,1,false,true,false
n_287,n_133,1.154534912810133,1,false,true,false
n_133,n_24,1.517950258392666,1,false,true,false
n_133,n_291,1.3115868236522452,1,false,true,false
n_291,n_132,1.0342175905315858,1,false,true,false
n_132,n_292,1.5820349563130944,1,false,true,false
n_292,n_204,1.8860695573745088,1,false,true,false
n_24,n_132,1.4678467170246001,1,false,true,false
n_203,n_293,3.0040740966796875,1,false,true,false
n_293,n_202,1.027691581657321,1,false,true,false
n_28,n_293,0.8739804272692275,1,false,true,false
n_200,n_294,1.2615490003325478,1,false,true,false
n_294,n_147,1.7346271831026276,1,false,true,false
n_147,n_47,6.097795594763659,1,false,true,false
n_47,n_148,6.676863760878681,1,false,true,false
n_148,n_149,2.398624297596703,1,false,true,false
n_149,n_47,7.506639099091091,1,false,true,false
n_307,n_148,0.934103467237465,1,false,true,false
n_307,n_308,2.3240356756330907,1,false,true,false
n_308,n_149,1.0011858749500722,1,false,true,false
n_308,n_309,2.129011851793986,1,false,true,false
n_309,n_310,3.88614668922245,1,false,true,false
n_310,n_150,1.0737791279155318,1,false,true,false
n_150,n_48,2.7859856030861345,1,false,true,false
n_48,n_151,2.9112327182904534,1,false,true,false
n_151,n_40,0.645221596618886,1,false,true,false
n_311,n_53,6.364800868676811,1,false,true,false
n_53,n_152,6.164552987462914,1,false,true,false
n_152,n_300,1.3363444602541628,1,false,true,false
n_300,n_299,2.373143155206462,1,false,true,false
n_299,n_298,4.543068336789713,1,false,true,false
n_298,n_297,2.306699752807617,1,false,true,false
n_297,n_296,2.2442904059215025,1,false,true,false
n_296,n_295,3.703784745527962,1,false,true,false
n_295,n_294,2.167604817581633,1,false,true,false
n_296,n_312,1.6257838192738012,1,false,true,false
n_312,n_47,4.715149936650972,1,false,true,false
n_299,n_154,1.1963665014707612,1,false,true,false
n_154,n_45,6.81754429197134,1,false,true,false
n_315,n_314,2.853163826100357,1,false,true,false
n_45,n_315,7.231433125124923,1,false,true,false
n_315,n_316,3.102651549052822,1,false,true,false
n_316,n_314,2.9232785847034375,1,false,true,false
n_314,n_198,2.577740551488324,1,false,true,false
n_196,n_316,2.9009080467145183,1,false,true,false
n_316,n_317,2.6161446293578883,1,false,true,false
n_317,n_11,0.8983221379027602,1,false,true,false
n_11,n_229,1.5100874412822356,1,false,true,false
n_45,n_318,7.203165845344126,1,false,true,false
n_318,n_315,5.168326930544262,1,false,true,false
n_11,n_321,1.907779880279179,1,false,true,false
n_321,n_320,1.8136872230871288,1,false,true,false
n_320,n_128,2.314243181774243,1,false,true,false
n_128,n_319,2.567517872902659,1,false,true,false
n_319,n_228,1.2837562764786152,1,false,true,false
n_228,n_127,0.8514436898940323,1,false,true,false
n_127,n_17,1.1659710681456823,1,false,true,false
n_17,n_126,2.695077896485201,1,false,true,false
n_126,n_9,1.834775475773113,1,false,true,false
n_9,n_125,0.5501803114355447,1,false,true,false
n_125,n_227,1.3853505820576506,1,false,true,false
n_226,n_322,0.8478921344769835,1,false,true,false
n_322,n_19,0.8925352631266283,1,false,true,false
n_322,n_321,2.191836342247969,1,false,true,false
n_9,n_156,2.3705018111015224,1,false,true,false
n_156,n_157,2.513410783041041,1,false,true,false
n_157,n_8,1.5146070572004584,1,false,true,false
n_8,n_124,0.4852503165231916,1,false,true,false
n_124,n_224,3.509111176789985,1,false,true,false
n_223,n_123,0.9269424613759798,1,false,true,false
n_123,n_23,0.8054231477457258,1,false,true,false
n_220,n_122,1.446833873757214,1,false,true,false
n_122,n_22,0.6090174904215815,1,false,true,false
n_323,n_217,1.6363384337910505,1,false,true,false
n_10,n_323,1.796664475428988,1,false,true,false
n_215,n_120,1.5494542127548077,1,false,true,false
n_120,n_190,2.0168079267079975,1,false,true,false
n_120,n_34,2.1462150844546413,1,false,true,false
n_34,n_121,2.469189782562493,1,false,true,false
n_121,n_232,0.4291534423828125,1,false,true,false
n_232,n_172,0.5003937405712019,1,false,true,false
n_172,n_13,2.628564834692294,1,false,true,false
n_13,n_324,2.753016047447484,1,false,true,false
n_324,n_170,0.623115851601072,1,false,true,false
n_170,n_222,1.2287898816740495,1,false,true,false
n_203,n_143,1.0522661198564265,1,false,true,false
n_143,n_46,4.183734161775528,1,false,true,false
n_46,n_146,4.651279356023974,1,false,true,false
n_146,n_202,1.291162356740655,1,false,true,false
n_46,n_144,3.6326630582287596,1,false,true,false
n_144,n_145,3.96991146682537,1,false,true,false
n_145,n_46,4.313351284329586,1,false,true,false
n_143,n_146,4.881817298399613,1,false,true,false
n_166,n_204,1.537278514831258,1,false,true,false
n_165,n_205,1.5865822553219606,1,false,true,false
n_206,n_207,1.1837989698193496,1,false,true,false
n_207,n_208,1.1476598952841537,1,false,true,false
n_208,n_141,1.534557199960318,1,false,true,false
n_141,n_35,3.0475169605055337,1,false,true,false
n_165,n_39,2.6825673405735446,1,false,true,false
n_39,n_166,2.2534821388647432,1,false,true,false
n_143,n_325,2.267380950744277,1,false,true,false
n_43,n_142,2.645449943415825,1,false,true,false
n_142,n_326,1.1412265989682484,1,false,true,false
n_326,n_327,1.6099225578237517,1,false,true,false
n_327,n_144,0.8465739077521723,1,false,true,false
n_327,n_328,5.760153841394988,1,false,true,false
n_328,n_145,1.1935246828684474,1,false,true,false
n_328,n_329,1.2904431741463844,1,false,true,false
n_329,n_330,3.257857427514202,1,false,true,false
n_330,n_331,2.6687724008877813,1,false,true,false
n_331,n_307,2.370502701364405,1,false,true,false
n_334,n_328,1.7086554103764344,1,false,true,false
n_327,n_332,1.0208711507499912,1,false,true,false
n_332,n_333,1.2373266634275608,1,false,true,false
n_333,n_334,4.701720836499306,1,false,true,false
n_326,n_336,2.415580280539927,1,false,true,false
n_336,n_337,8.577053566804757,1,false,true,false
n_337,n_168,1.1850293629919508,1,false,true,false
n_168,n_51,3.9399770484628425,1,false,true,false
n_337,n_338,1.352523339128796,1,false,true,false
n_338,n_339,2.578278068509711,1,false,true,false
n_339,n_167,1.60104707632529,1,false,true,false
n_167,n_37,0.8785405539496071,1,false,true,false
n_210,n_344,2.0498481205905454,1,false,true,false
n_344,n_343,1.8422513731993047,1,false,true,false
n_343,n_342,3.0583389109408685,1,false,true,false
n_342,n_341,1.537288808496518,1,false,true,false
n_341,n_345,1.1423995685129893,1,false,true,false
n_345,n_340,1.6670831395071302,1,false,true,false
n_340,n_339,2.209330094192901,1,false,true,false
n_348,n_347,4.527391897255006,1,false,true,false
n_347,n_346,1.7444196460404142,1,false,true,false
n_346,n_340,3.535605361159828,1,false,true,false
n_348,n_349,2.09395997429422,1,false,true,false
n_349,n_350,11.150797857689492,1,false,true,false
n_350,n_351,7.4570566730345735,1,false,true,false
n_351,n_352,8.26120376586914,1,false,true,false
n_352,n_353,8.368492126464844,1,false,true,false
n_353,n_354,8.05426848655383,1,false,true,false
n_354,n_355,8.170872864281865,1,false,true,false
n_355,n_356,6.4665017656474255,1,false,true,false
n_356,n_357,5.977036095916899,1,false,true,false
n_349,n_358,3.9638419440313553,1,false,true,false
n_358,n_359,4.6484771361869575,1,false,true,false
n_359,n_360,6.603076153664638,1,false,true,false
n_360,n_361,6.7198416284395295,1,false,true,false
n_361,n_174,4.993723108543138,1,false,true,false
n_361,n_362,3.214927756472443,1,false,true,false
n_362,n_363,3.9030857070316713,1,false,true,false
n_363,n_364,3.4912794737851733,1,false,true,false
n_362,n_365,5.4829374688215,1,false,true,false
n_366,n_213,4.567337577161287,1,false,true,false
n_179,n_367,2.1742460199257994,1,false,true,false
n_367,n_368,6.4910938917458,1,false,true,false
n_370,n_29,1.9817253470026304,1,false,true,false
n_368,n_366,1.6822919336704432,1,false,true,false
n_366,n_371,1.2726197965352024,1,false,true,false
n_371,n_372,1.0067309239850113,1,false,true,false
n_372,n_373,3.5044691160703905,1,false,true,false
n_373,n_213,0.6770701398180681,1,false,true,false
n_214,n_374,2.2530555725097656,1,false,true,false
n_374,n_366,0.7190885123166664,1,false,true,false
n_374,n_371,1.3287167662941286,1,false,true,false
n_371,n_376,1.3327227276477438,1,false,true,false
n_377,n_371,4.078572685614047,1,false,true,false
n_179,n_378,0.8612061833874843,1,false,true,false
n_378,n_177,5.8793458311441,1,false,true,false
n_378,n_377,5.728141277488076,1,false,true,false
n_341,n_379,2.517969469007506,1,false,true,false
n_379,n_380,1.9244229228011862,1,false,true,false
n_380,n_381,6.24877479503076,1,false,true,false
n_381,n_382,1.0310082747406033,1,false,true,false
n_382,n_383,4.198922091754571,1,false,true,false
n_383,n_380,2.387280314437587,1,false,true,false
n_379,n_384,1.7392705536780697,1,false,true,false
n_384,n_385,2.0658009593117277,1,false,true,false
n_385,n_386,2.0155891337382275,1,false,true,false
n_386,n_387,5.001224007899908,1,false,true,false
n_386,n_388,1.653873715055687,1,false,true,false
n_388,n_389,1.9286394780251306,1,false,true,false
n_389,n_390,3.202562565150265,1,false,true,false
n_213,n_391,1.5045945019829414,1,false,true,false
n_391,n_212,1.343968235863422,1,false,true,false
n_390,n_391,0.791020366597831,1,false,true,false
n_392,n_118,6.2948714135376616,1,false,true,false
n_210,n_393,1.2726170552131268,1,false,true,false
n_393,n_392,6.797744604770575,1,false,true,false
n_393,n_117,6.653178683038297,1,false,true,false
n_376,n_394,0.7213692233080347,1,false,true,false
n_394,n_395,3.0627436403895714,1,false,true,false
n_395,n_377,0.8399269897363622,1,false,true,false
n_396,n_395,2.48664516475431,1,false,true,false
n_394,n_397,1.3424070936085342,1,false,true,false
n_397,n_388,5.729392412159527,1,false,true,false
n_397,n_398,1.3164336862414965,1,false,true,false
n_398,n_387,0.9665901594659844,1,false,true,false
n_398,n_399,1.7233562526043016,1,false,true,false
n_399,n_400,6.396626518647095,1,false,true,false
n_400,n_383,1.2837996583279885,1,false,true,false
n_399,n_401,2.073844637868523,1,false,true,false
n_401,n_402,0.8178592034896646,1,false,true,false
n_402,n_403,2.040364072415108,1,false,true,false
n_403,n_404,3.3400700625083086,1,false,true,false
n_403,n_405,1.325158268171478,1,false,true,false
n_365,n_406,4.313873679601861,1,false,true,false
n_257,n_407,2.580886103965484,1,false,true,false
n_408,n_407,3.2118352852551126,1,false,true,false
n_258,n_408,2.7333235906716506,1,false,true,false
n_258,n_410,2.2805311013623766,1,false,true,false
n_410,n_178,1.9321323019796117,1,false,true,false
n_409,n_410,3.0907571534972553,1,false,true,false
n_408,n_409,1.9125779502064866,1,false,true,false
n_410,n_50,1.099631184068812,1,false,true,false
n_50,n_177,1.2894652716483026,1,false,true,false
n_411,n_174,4.722520033092447,1,false,true,false
n_412,n_413,1.1837630789557352,1,false,true,false
n_413,n_228,3.7273237694033194,1,false,true,false
n_300,n_301,3.7548458480728635,1,false,true,false
n_301,n_304,1.3342081600022668,1,false,true,false
n_304,n_305,3.1555330189539834,1,false,true,false
n_305,n_306,2.0084226940059335,1,false,true,false
n_306,n_153,1.8706165634573269,1,false,true,false
n_153,n_54,5.691606166562823,1,false,true,false
n_301,n_169,1.2991418920534339,1,false,true,false
n_169,n_36,0.898330142066032,1,false,true,false
n_301,n_302,4.839731212395606,1,false,true,false
n_302,n_155,1.1710735549360305,1,false,true,false
n_155,n_52,8.205219625596706,1,false,true,false
n_302,n_303,3.0972248037752417,1,false,true,false
n_303,n_414,3.9787913052813932,1,false,true,false
n_414,n_415,5.187086639157344,1,false,true,false
n_155,n_416,2.268361056210959,1,false,true,false
n_416,n_417,4.437733870481893,1,false,true,false
n_417,n_418,5.198422651260676,1,false,true,false
n_418,n_419,4.427542897362541,1,false,true,false
n_419,n_420,3.1067743848695706,1,false,true,false
n_420,n_421,3.9380802697173056,1,false,true,false
n_421,n_422,4.004381855704579,1,false,true,false
n_422,n_423,3.2788624491886953,1,false,true,false
n_423,n_424,5.881286519066044,1,false,true,false
n_424,n_425,4.7081485473479425,1,false,true,false
n_425,n_426,2.7357292353970966,1,false,true,false
n_426,n_155,4.328152141101951,1,false,true,false
n_52,n_426,8.300301222235941,1,false,true,false
n_425,n_52,7.619470808281498,1,false,true,false
n_52,n_424,5.565972447102931,1,false,true,false
n_423,n_52,7.42839200404938,1,false,true,false
n_52,n_422,8.119699805472607,1,false,true,false
n_421,n_52,8.741350432953846,1,false,true,false
n_52,n_420,9.617256546754197,1,false,true,false
n_419,n_52,8.656721995521934,1,false,true,false
n_52,n_418,6.307740429484339,1,false,true,false
n_417,n_52,6.849890348214476,1,false,true,false
n_52,n_416,7.472713445352671,1,false,true,false
n_414,n_427,3.9645811320676825,1,false,true,false
n_427,n_428,2.1209472748561624,1,false,true,false
n_428,n_429,2.898580065749977,1,false,true,false
n_153,n_436,2.4396096158812037,1,false,true,false
n_436,n_54,6.557748623619997,1,false,true,false
n_54,n_435,7.69563677175262,1,false,true,false
n_435,n_434,4.155328642508596,1,false,true,false
n_434,n_54,6.668959043940149,1,false,true,false
n_54,n_433,5.642268683607922,1,false,true,false
n_433,n_432,5.208101396819299,1,false,true,false
n_432,n_54,6.526847770965081,1,false,true,false
n_54,n_431,6.79612050012175,1,false,true,false
n_431,n_430,3.6524237900170218,1,false,true,false
n_430,n_54,6.492278380416859,1,false,true,false
n_54,n_429,6.463094276940168,1,false,true,false
n_429,n_430,5.056733958291655,1,false,true,false
n_431,n_432,2.6778802938659645,1,false,true,false
n_433,n_434,4.225129389741472,1,false,true,false
n_435,n_436,3.3628836524225973,1,false,true,false
n_153,n_427,5.052705664341863,1,false,true,false
n_414,n_426,3.013429726345601,1,false,true,false
n_314,n_439,4.3145850706413995,1,false,true,false
n_439,n_438,5.580602411146817,1,false,true,false
n_438,n_437,3.2749374640438917,1,false,true,false
n_437,n_154,3.9421842323614573,1,false,true,false
n_154,n_440,2.0632539491242965,1,false,true,false
n_440,n_441,5.865429157248707,1,false,true,false
n_441,n_318,6.885079714978836,1,false,true,false
n_314,n_45,7.2837956133206365,1,false,true,false
n_45,n_439,4.466261145121793,1,false,true,false
n_438,n_45,6.007469510028986,1,false,true,false
n_45,n_437,5.728934227141165,1,false,true,false
n_440,n_45,7.665717053202159,1,false,true,false
n_45,n_441,4.543063903651142,1,false,true,false
n_298,n_437,1.7233373063562654,1,false,true,false
n_444,n_149,2.551529190371013,1,false,true,false
n_444,n_443,4.506947528864393,1,false,true,false
n_443,n_442,4.063347393526293,1,false,true,false
n_442,n_312,2.8471335276008136,1,false,true,false
n_47,n_442,5.54771724247247,1,false,true,false
n_443,n_47,5.536472639036743,1,false,true,false
n_47,n_444,8.260101853957254,1,false,true,false
n_147,n_448,2.862483627659464,1,false,true,false
n_448,n_447,2.2587360097329645,1,false,true,false
n_447,n_446,3.0441404373063117,1,false,true,false
n_446,n_445,5.156280194930538,1,false,true,false
n_445,n_148,2.386263950564403,1,false,true,false
n_47,n_445,5.648928235885491,1,false,true,false
n_446,n_47,5.280405191345702,1,false,true,false
n_47,n_447,5.239565071593756,1,false,true,false
n_448,n_47,4.760242860378077,1,false,true,false
n_147,n_449,2.1572654054376934,1,false,true,false
n_449,n_312,3.1798523658331463,1,false,true,false
n_298,n_450,1.2991477791441781,1,false,true,false
n_450,n_451,1.0007887103195492,1,false,true,false
n_451,n_452,4.188584378413102,1,false,true,false
n_452,n_453,6.3745489853679596,1,false,true,false
n_453,n_311,6.942300682735997,1,false,true,false
n_311,n_454,3.1041039403062154,1,false,true,false
n_454,n_455,4.448477377235375,1,false,true,false
n_455,n_456,5.5569157490209315,1,false,true,false
n_456,n_152,1.6397064756047244,1,false,true,false
n_152,n_450,6.90199012203538,1,false,true,false
n_450,n_53,6.607841318910275,1,false,true,false
n_53,n_451,7.279757791417168,1,false,true,false
n_452,n_53,4.5095227256581305,1,false,true,false
n_53,n_453,6.309540244137707,1,false,true,false
n_454,n_53,8.378470189167999,1,false,true,false
n_53,n_455,5.390157568814363,1,false,true,false
n_456,n_53,6.023059281751238,1,false,true,false
n_457,n_462,3.6955653682341363,1,false,true,false
n_462,n_461,3.1858060833739517,1,false,true,false
n_461,n_460,4.305844202373656,1,false,true,false
n_460,n_459,5.668339951278978,1,false,true,false
n_459,n_458,1.4445633825575024,1,false,true,false
n_458,n_457,2.5216576651340694,1,false,true,false
n_117,n_458,1.8237449117087314,1,false,true,false
n_118,n_460,0.8925390309946974,1,false,true,false
n_185,n_136,0.8178397301751693,1,false,true,false
n_136,n_21,1.2323075491173987,1,false,true,false
n_463,n_21,2.3133569423073186,1,false,true,false
n_21,n_464,2.3332145411127527,1,false,true,false
n_465,n_30,1.8347779994145668,1,false,true,false
n_30,n_466,2.0389502976012497,1,false,true,false
n_29,n_467,1.6651248491198627,1,false,true,false
n_468,n_29,1.6010176955078175,1,false,true,false
n_470,n_471,1.5382682212328755,1,false,true,false
n_471,n_270,1.2882066379851416,1,false,true,false
n_271,n_471,2.061452436253298,1,false,true,false
n_471,n_470,1.5382682212328755,1,false,true,false
n_113,n_32,2.2534821216519743,1,false,true,false
n_32,n_112,1.7674700669599388,1,false,true,false
n_32,n_469,1.64710441618835,1,false,true,false
n_469,n_470,1.3251157972788414,1,false,true,false
n_472,n_275,3.3841305733598754,1,false,true,false
n_271,n_473,2.6285648345947266,1,false,true,false
n_473,n_273,2.5755850581742368,1,false,true,false
n_472,n_473,1.6733316098340327,1,false,true,false
n_473,n_159,1.9557754842085249,1,false,true,false
n_159,n_12,3.8150402318567513,1,false,true,false
n_12,n_474,3.435746132138743,1,false,true,false
n_474,n_161,0.6299211380436367,1,false,true,false
n_161,n_475,0.9645524032464436,1,false,true,false
n_475,n_241,1.6968483399340113,1,false,true,false
n_241,n_476,1.929847717124599,1,false,true,false
n_476,n_160,0.7788529645604269,1,false,true,false
n_477,n_478,1.8174780973954743,1,false,true,false
n_478,n_479,2.0281815791348636,1,false,true,false
n_479,n_480,2.5434931046357043,1,false,true,false
n_480,n_481,3.0273486571994526,1,false,true,false
n_481,n_182,1.7537514159471357,1,false,true,false
n_102,n_481,2.253482124691936,1,false,true,false
n_481,n_111,1.635675434416586,1,false,true,false
n_183,n_482,1.7570292644298042,1,false,true,false
n_482,n_112,0.7910076233581257,1,false,true,false
n_481,n_483,2.8237427009478586,1,false,true,false
n_483,n_482,1.9316881173850726,1,false,true,false
n_480,n_483,1.3541190854098648,1,false,true,false
n_368,n_484,0.7712237119554978,1,false,true,false
n_484,n_369,3.066143570212631,1,false,true,false
n_485,n_30,2.2956102215855396,1,false,true,false
n_489,n_44,2.843750209026183,1,false,true,false
n_486,n_44,2.8675791712131016,1,false,true,false
n_44,n_488,2.6810225962250502,1,false,true,false
n_487,n_44,2.370910523653478,1,false,true,false
n_48,n_490,2.660762067818368,1,false,true,false
n_490,n_311,1.2711685932046266,1,false,true,false
n_151,n_490,2.8672772090442673,1,false,true,false
n_495,n_51,1.3953551445034171,1,false,true,false
n_51,n_491,4.998340501969302,1,false,true,false
n_492,n_51,5.155494508310771,1,false,true,false
n_51,n_493,4.774750507843439,1,false,true,false
n_494,n_168,0.9446713708691766,1,false,true,false
n_496,n_167,1.428117965109292,1,false,true,false
n_167,n_497,1.35252337958535,1,false,true,false
n_498,n_37,1.4805536544490927,1,false,true,false
n_37,n_499,1.4906872476966913,1,false,true,false
n_503,n_35,3.6839804202120443,1,false,true,false
n_35,n_500,3.546675330357279,1,false,true,false
n_501,n_141,3.6606926621470595,1,false,true,false
n_141,n_502,1.6287258005643794,1,false,true,false
n_165,n_504,2.0926234584886747,1,false,true,false
n_504,n_43,2.8153334156203953,1,false,true,false
n_505,n_142,3.573214077383917,1,false,true,false
n_142,n_325,4.126201650472419,1,false,true,false
n_325,n_505,5.960354215177428,1,false,true,false
n_505,n_504,3.4198837072807464,1,false,true,false
n_504,n_325,4.881620407104492,1,false,true,false
n_325,n_166,1.9921844114772203,1,false,true,false
n_506,n_4,2.976699791562328,1,false,true,false
n_4,n_507,1.8893340009050636,1,false,true,false
n_18,n_135,1.4649517824411245,1,false,true,false
n_135,n_189,0.775616903977567,1,false,true,false
n_508,n_18,1.9905007743222314,1,false,true,false
n_509,n_18,1.3510441673672766,1,false,true,false
n_511,n_18,1.6708638689286501,1,false,true,false
n_25,n_512,1.2322851170258766,1,false,true,false
n_512,n_513,1.7404923292425427,1,false,true,false
n_513,n_514,2.970498973691439,1,false,true,false
n_514,n_515,3.615755196441644,1,false,true,false
n_515,n_516,2.532600029334585,1,false,true,false
n_516,n_517,2.923536716148096,1,false,true,false
n_517,n_518,2.6825673177677767,1,false,true,false
n_518,n_519,3.3256195244957634,1,false,true,false
n_519,n_520,3.4821405598199173,1,false,true,false
n_520,n_521,3.5941600799560547,1,false,true,false
n_521,n_522,3.4912790759907777,1,false,true,false
n_522,n_523,2.4772605314007876,1,false,true,false
n_523,n_524,1.4626445105534225,1,false,true,false
n_524,n_525,1.4011023107405578,1,false,true,false
n_525,n_526,1.2148804223937217,1,false,true,false
n_526,n_527,1.4661658767060062,1,false,true,false
n_527,n_528,1.0935715493812683,1,false,true,false
n_249,n_529,3.043692395431635,1,false,true,false
n_513,n_534,6.4135075438159,1,false,true,false
n_522,n_537,5.708468251314191,1,false,true,false
n_537,n_538,6.680137348545751,1,false,true,false
n_114,n_544,1.4017192617968681,1,false,true,false
n_544,n_20,2.0593756855677716,1,false,true,false
n_20,n_545,1.7392563868747883,1,false,true,false
n_545,n_544,1.9476681172245198,1,false,true,false
n_545,n_2,1.0585186324065292,1,false,true,false
n_2,n_546,3.218949413138952,1,false,true,false
n_546,n_263,1.0764609519283008,1,false,true,false
n_546,n_262,1.4182207189566713,1,false,true,false
n_262,n_547,2.8540148548112434,1,false,true,false
n_547,n_548,4.248988599708299,1,false,true,false
n_548,n_544,0.35482643656467505,1,false,true,false
n_547,n_549,3.730180586750293,1,false,true,false
n_549,n_180,3.182729419789091,1,false,true,false
n_549,n_104,2.7780366123440055,1,false,true,false
n_164,n_550,1.2941617140774095,1,false,true,false
n_550,n_551,1.897454033325482,1,false,true,false
n_551,n_103,1.1299353860089871,1,false,true,false
n_103,n_552,5.622925035419218,1,false,true,false
n_552,n_102,0.8915209158539631,1,false,true,false
n_164,n_554,2.121321323054751,1,false,true,false
n_554,n_555,1.4993465596359679,1,false,true,false
n_555,n_101,2.966349199486503,1,false,true,false
n_111,n_556,0.9901670629384324,1,false,true,false
n_558,n_559,2.3104467084181373,1,false,true,false
n_559,n_110,2.598891173095569,1,false,true,false
n_110,n_560,0.9222774672038294,1,false,true,false
n_560,n_111,1.5077850261019685,1,false,true,false
n_267,n_562,0.8880450016454854,1,false,true,false
n_562,n_561,0.9202693203132494,1,false,true,false
n_561,n_563,0.6570303069270728,1,false,true,false
n_563,n_556,1.8883247298186137,1,false,true,false
n_563,n_558,1.3759825749095906,1,false,true,false
n_563,n_33,1.1159165779427935,1,false,true,false
n_33,n_559,2.06643571127853,1,false,true,false
n_558,n_33,2.105537482334173,1,false,true,false
n_556,n_33,1.8503039227451936,1,false,true,false
n_33,n_111,1.797587782803589,1,false,true,false
n_560,n_33,2.243180926829963,1,false,true,false
n_564,n_565,2.2955820042162594,1,false,true,false
n_565,n_545,2.8461823691037496,1,false,true,false
n_20,n_565,1.6779237345549505,1,false,true,false
n_564,n_20,2.050985008734543,1,false,true,false
n_544,n_564,3.3866856897143682,1,false,true,false
n_567,n_566,2.4575845268283305,1,false,true,false
n_566,n_568,2.9663491309932186,1,false,true,false
n_568,n_569,2.8386179261364037,1,false,true,false
n_569,n_567,3.2725887034693817,1,false,true,false
n_567,n_15,1.7850746173888983,1,false,true,false
n_15,n_569,2.0373245368071378,1,false,true,false
n_568,n_15,2.2427387743615386,1,false,true,false
n_15,n_566,2.193640696343159,1,false,true,false
n_237,n_158,1.6442250642660223,1,false,true,false
n_158,n_26,0.8834028778808981,1,false,true,false
n_570,n_571,2.6997102024123354,1,false,true,false
n_571,n_108,0.7472654288376575,1,false,true,false
n_571,n_267,1.0858896184702822,1,false,true,false
n_571,n_572,3.1895091598674417,1,false,true,false
n_572,n_573,0.8484275456173662,1,false,true,false
n_573,n_267,3.118717928857224,1,false,true,false
n_570,n_574,2.502253501903107,1,false,true,false
n_574,n_114,0.7510185241699219,1,false,true,false
n_574,n_575,2.683641970506175,1,false,true,false
n_575,n_267,1.6363394748343356,1,false,true,false
n_576,n_211,2.609513871670295,1,false,true,false
n_489,n_576,0.8442549603158337,1,false,true,false
n_419,n_318,5.010849803919949,1,false,true,false
n_577,n_318,2.0460107665289575,1,false,true,false
n_578,n_413,0.9159726189149096,1,false,true,false
n_578,n_577,8.085898163612262,1,false,true,false
n_577,n_316,6.012488282168266,1,false,true,false
n_579,n_226,2.6212249868032282,1,false,true,false
n_579,n_225,2.5803001610788057,1,false,true,false
n_321,n_579,1.386246779302315,1,false,true,false
n_271,n_583,2.8898212835683528,1,false,true,false
n_583,n_582,2.5523139787950906,1,false,true,false
n_582,n_581,2.2207272811336702,1,false,true,false
n_581,n_580,0.9079614585052838,1,false,true,false
n_580,n_482,1.867240667786793,1,false,true,false
n_178,n_584,2.518740054848548,1,false,true,false
n_584,n_175,4.4246141239919945,1,false,true,false
n_568,n_548,0.32511720434532987,1,false,true,false
n_115,n_586,2.3760724654014975,1,false,true,false
n_586,n_585,2.846182346138165,1,false,true,false
n_585,n_477,1.9093607337929808,1,false,true,false
n_587,n_270,1.6117125252679618,1,false,true,false
n_476,n_587,3.1128787870216,1,false,true,false
