id,key,name,description,affiliation
1,B1,1号館,,
3,CEA,土木・建築実験棟,,
4,B2,2号館,,
5,B3,3号館,,
6,B3_ANNEX,3号館別館,,
7,BIO,バイオ環境化学実験棟,,
8,B4,4号館,,
9,B4_ANNEX,4号館別館,,
10,B5,5号館講義実験棟,,
11,B6,6号館,,
12,B7,7号館,,
13,B8,8号館,,
14,B9,9号館,,
15,B10,10号館,,
16,B10_OLD1,10号館・旧1号館,,
17,B11,11号館,,
18,B12,12号館,,
19,B13,13号館,,
20,B14,14号館,,
21,LIBRARY,図書館,,
22,COMPUTER,計算センター,,
23,INFORMATION,情報教育センター,,
24,RESEARCH,総合技術研究所,,
25,SEIREX_CENTER,耐震実験センター,,
26,VIBRATION,振動実験棟,,
27,DISASTER_CENTER,地域防災研究センター,,
28,ECO_POWER,エコ電力研究センター,,
29,HEADQUARTERS,本部棟,,
30,HEADQUARTERS1,第1本部棟,,
31,HEADQUARTERS2,第2本部棟,,
32,AIWA_KAIKAN,愛和会館,,
33,AIT_PLAZA,AITプラザ,,
34,CENTRAL_TERRACE,セントラルテラス,,
35,GYM,鉀徳館,,
36,PLAYGROUND_MANAGEMENT,総合運動場管理棟,,
37,GYM_MIN,小体育館,,
38,CLUBHOUSE3,第3クラブハウス,,
39,CLUBHOUSE4,第4クラブハウス,,
40,CLUBHOUSE5,第5クラブハウス,,
41,TENNIS_HOUSE,庭球場管理ハウス,,
42,CENTRAL_SQUARE,セントラル広場,,
43,PARKING_BIKE,バイク駐車場,,
44,TENNIS_COURT,テニスコート,,
45,SOCCER_FIELD,サッカー場,,
46,PARKING1,第1学生駐車場,,
47,PARKING2,第2学生駐車場,,
48,PARKING3,第3学生駐車場,,
49,BUS_STOP,バス停,,
50,SECURITY_ROOM,警備室,,
51,ARCHERY_FIELD,アーチェリー場,,
52,ATHLETICS_FIELD,陸上競技場,,
53,BALL_GAME_FIELD,球技場,,
54,BASEBALL_FIELD,野球場,,
55,MAIN_GATE,正門,,
151,HANGAR,格納庫,,
201,BUS_STOP_GETOFF_ONLY,バス停(降車専用),,
202,TOILET_P1,トイレ（第1学生駐車場）,,
275,CENTRAL_GARDEN,セントラルガーデン,,
319,FORMULA_PREFAB,プレハブ,,
395,TRAINING_DORMITORY,合宿寮,,
399,STUDENT_DORMITORY,学生寮,,
401,INTERNATIONAL_EXCHANGE_HALL,国際交流会館,,
403,DORMITORY_CAFETERIA,寮食堂,,
406,DRAINAGE,総合排水処理施設,,
407,PARKING_BICYCLE,駐輪場,,
408,PARKING,駐車場,,
414,GOLF,ゴルフ練習場,,
415,KYUDO_HALL,弓道場,,
425,RAINY_FIELD,雨天練習場,,
429,BATTING_PRACTICE,バッティング練習場,,
