id,lat,lng,type,building_id
9201c41e-16a1-48ab-9ec0-c2a6814acd0b,35.18400046965331,137.11135385365043,facility,1
38932626-0016-4faa-a333-113dd95ca4db,35.18408153619567,137.11294770240787,facility,3
829fdc2a-dcc9-48bd-891f-d89aee679d96,35.18373955494626,137.11400985717776,facility,4
2b1550f0-08ad-4700-a822-a4fc24174e94,35.183930752012714,137.11505984281746,facility,5
df442997-112d-4d8a-9709-66f20a69fa59,35.18370886425096,137.11512029170993,facility,6
5d04a300-3087-41cd-ac9f-767c8213bfaa,35.18369571109226,137.11540997028354,facility,7
ecd0698c-c376-40f9-a2a1-a1b536d8cec6,35.184813721980596,137.11515784263614,facility,8
c6735d09-d5fc-4db1-8bc6-cc87314fd5eb,35.185187831771515,137.1155038858131,facility,9
7a2e204e-824e-4eba-b8a5-20d92fed6d84,35.18457528634892,137.11404445094723,facility,10
03a9fff1-3339-49e5-be51-e6095900333c,35.184462592501575,137.11591348365607,facility,11
d14f12a3-27d5-4197-8209-6a303ae9e8a3,35.18466903908499,137.11260437965396,facility,12
58e63370-79eb-4504-8f75-e10b0ecc0f4e,35.184217701277234,137.1144378466986,facility,13
e8143d32-7008-4d37-9fec-2ef3b84e43c5,35.18474795705999,137.11143493652347,facility,14
eee39f63-799c-4870-8a74-ebbf36fd6a38,35.184197868647956,137.11096566378149,facility,15
086433c4-9e0d-4568-8fa4-88f69d3ba909,35.18444318415932,137.11136460013682,facility,16
00cd5a7a-7a47-4db0-95a6-fb696d439293,35.185195157470694,137.11594104766849,facility,17
b0bd36a9-4812-4251-ad85-1f863a7af823,35.18368694231863,137.11346805095675,facility,18
832f0239-245c-4dd2-b832-73580d2ad0d2,35.18465835459533,137.11579345489025,facility,19
dbd03892-40d4-429d-bd26-d6c64ae2b32e,35.18451558724755,137.11093068122867,facility,20
9b2dda68-9c90-4a34-89ba-005496a831c3,35.183634329656954,137.11292088031772,facility,21
a5ea4eec-92d5-4ff6-a2ab-1bb03321088a,35.184594505371564,137.11459994316104,facility,22
ccf0a5bd-5549-4b1b-8508-6d3ff0971118,35.18458557427748,137.11496285453188,facility,23
4f6bb21b-70b8-48ba-a755-fae2b1e4cc43,35.18319588948495,137.1147018671036,facility,24
1cc998d6-5edd-4f9c-b940-a910d3cb39f9,35.18512500854939,137.11113989353183,facility,25
84eff64e-4a26-44f5-88ec-80e21b7a181e,35.18500843220863,137.11306995595862,facility,26
f7992b5e-fd4d-4af0-b373-10f85e3c9764,35.18474795705999,137.11054444313052,facility,27
84ff45e8-5c74-4621-b802-ea08e34b7573,35.182875533708156,137.11503592733436,facility,28
ca57532f-e352-4bc0-b044-c72695897879,35.18321342713723,137.1120196580887,facility,29
313638f0-e16c-4813-b8dd-203649872557,35.18360363892191,137.11182653903964,facility,30
4fbd4069-5868-4200-8180-7fcdecc12530,35.18359487013832,137.11238443851474,facility,31
62efb1f1-d0a0-4844-b68e-d878bd80c623,35.184217451420814,137.11235225200656,facility,32
9b1c6d27-b76b-4581-8a3f-6bf3749f721d,35.18427006370502,137.11177289485934,facility,33
d37bc267-e6ea-4a69-945b-07c1b6d11cff,35.18419114526596,137.11393475532535,facility,34
8cb282e6-b13b-49ba-9659-a6ded7f0f701,35.18218308364516,137.11375772953036,facility,35
a2a93071-bac5-4f65-bba0-601b02d0d99a,35.1834633382712,137.11750209331515,facility,36
e3779219-e8d9-4d07-a676-0e16feda15ef,35.181433336127704,137.11332857608798,facility,37
532d7caa-9023-4fc7-93e8-416b95e8c8f4,35.18510747130962,137.11149930953982,facility,38
f7890e1c-8620-4453-8a5b-cdd725b75c50,35.18258206927053,137.1146106719971,facility,39
5e71d166-94cd-49f4-91ff-990491e354ba,35.18156487128013,137.11793661117557,facility,40
8e46a14f-6f4a-4011-a4f7-e64961ec6f19,35.183384419048764,137.11271703243258,facility,41
87e47b4f-63a0-420b-b2cf-d9890c6974eb,35.18327347476297,137.11377102417714,facility,42
9c497112-d9f0-4a6e-9143-c687ba6fd998,35.18223569724632,137.1146482229233,facility,43
3ed370ae-6079-4d6a-9ae5-168f3fd3a37a,35.18319588948495,137.11265265941623,facility,44
d793ae86-dcc8-41d6-b459-bb39e6298007,35.18359855492339,137.11633861302766,facility,45
77599057-1ca4-4373-8e6b-f08eb44652aa,35.18224446617654,137.11513638496402,facility,46
5577c4fb-3f71-4e83-b72e-10e59a7c2070,35.182310233123026,137.11607515811923,facility,47
f95201dd-460c-4e98-966b-d167c0fa7b17,35.1817420255546,137.11769476831978,facility,48
5270e196-d1fc-4c1b-802a-00cea39d3c8b,35.18234013289242,137.11002107614468,facility,49
18dca7f6-fbd3-4251-aca0-08c2189a6ccd,35.1828372004132,137.11023263735603,facility,50
260b6736-d114-44d4-bc34-435a18ca1df0,35.181463749362706,137.1138800806034,facility,51
1433eea6-5ee3-4aea-9bee-3e3ec22fcb57,35.18415936850103,137.11766630712566,facility,52
6e827e2e-4dfe-4348-b487-c3ed2f0cbd8e,35.18237161555838,137.1172392368317,facility,53
03775d3a-9535-42bd-b955-ea40f41732f2,35.18270044924413,137.11878418922427,facility,54
49d63cca-670d-4acd-b650-8b877f59893f,35.18185863235197,137.10960030555728,facility,55
15435642-fdc6-42b1-bad8-a64a04731a92,35.182805955821124,137.1154242930566,facility,56
6afcf7c1-f408-4f61-b84c-6fd4a6acfc2a,35.18160214331455,137.11105301128526,facility,57
988e7d16-2540-411f-81c8-202136917e7c,35.18325010908842,137.11036959161692,facility,58
18d2b997-cc9d-4b64-ab4b-746b9709cd33,35.18498126199715,137.1158473136241,facility,59
4ca3a987-9e75-4850-b80c-87119effbecb,35.18389289287741,137.11888690059118,facility,60
52ad8e76-beef-4678-b56a-83cbbff3bb6e,35.18398869435195,137.11919092663828,facility,61
4b041564-beb2-4f15-8c51-cb6c5b28f955,35.183662405812015,137.11933886466323,facility,62
93d271b3-0e49-4be4-b4d0-5f06e8cdf349,35.18323025540627,137.11945689154237,facility,63
4f69c1b9-d5a4-47e2-a01e-ef19e42cec04,35.18469730473805,137.1109844818219,road,
ec10b047-8261-4a43-9c37-d10ba972c655,35.18432194390088,137.11549967627724,road,
5fd28e1d-ed6b-4552-b4bf-5171fad03ce5,35.18424381960038,137.1115284437734,entrance,
3fd34676-e236-4e2e-8793-8736735093e1,35.18403406780723,137.11151261724837,entrance,
a2699995-7d76-4bc2-99a4-f5b23059d944,35.18385076214564,137.1113278476161,entrance,
7cb6aa5e-0a6f-479b-aa95-971a11869374,35.184036620391694,137.1109641731585,entrance,
d28b5d4e-6f70-4ec6-9f18-18e796623d92,35.18463396440484,137.11145639419559,road,
fd515902-f4e1-4ec7-b0e4-dc411f6d69ee,35.184770956921454,137.1112343837135,entrance,
9b0ff53b-c03d-44e3-b977-8959c7923241,35.18419552962568,137.1119284629822,entrance,
07b70b0b-ce61-420f-bafb-78346d967834,35.18409030492674,137.11177289485934,entrance,
e1136337-60ed-4488-a17a-6bfee1eff6d1,35.184070900960066,137.11230328685627,entrance,
2f06f98e-6bdd-403a-ae0b-46034ccf7566,35.184221835779134,137.1121269464493,entrance,
7ba3dbd0-7cd2-4108-94cd-653f97a917ef,35.184283216770744,137.11116671562198,entrance,
85508cb9-91aa-433c-a24f-50ea46b3bd6c,35.18485318090741,137.1114403009415,entrance,
620ac2c6-66a8-4afe-8eda-b2b5fc298f7d,35.18286267337235,137.11382210254672,entrance,
c96274a6-d8f7-468b-b57b-29365c8945a2,35.183611266785746,137.11372689340794,entrance,
36ef3e63-b1db-4dae-8a8a-69c0a98ec5b3,35.18419552962568,137.11372017860415,entrance,
55688148-5e6a-44ab-b5e8-7d6cccddb89a,35.18423488528151,137.11416935893465,entrance,
b110c67f-06cd-4601-998c-fc7bbeb40577,35.18453750895638,137.11462140083316,entrance,
8a7bdc1f-fdc4-4728-aef1-0ab2d3a09574,35.18448998179895,137.11491825779785,entrance,
01fb3843-5061-4b09-bc4a-254a2c690166,35.18476270244366,137.11515620104302,entrance,
5113e81f-4ee6-4d2a-9505-fce6b164e81a,35.18514198436279,137.1155148811032,entrance,
afe4f55f-ba6e-4684-a28f-db46ef6e6259,35.18522146330057,137.115672826767,entrance,
233faac1-4e1a-4a71-8a50-e69359067e9b,35.1851145761035,137.11578067078892,entrance,
ec25c3a4-c543-4f43-aa04-65edacb76d8e,35.18399384883301,137.11516320705417,entrance,
c30ac789-2075-41a5-8a12-3d34f54071f3,35.1837667690926,137.11509151257235,entrance,
ec03a514-2327-4d87-ae72-115797657c4f,35.183081913313444,137.11478155887278,entrance,
41256b86-6498-4629-b2ed-90427912997a,35.18323666489189,137.11484176292805,entrance,
767cc1c1-4673-4f76-a46f-6f83051ec145,35.18390912620936,137.11424447278972,entrance,
98177355-a92b-4e12-8b37-22573bc68d72,35.18381107599974,137.11352094497744,entrance,
776346e3-6631-4d95-9ab0-e12572e1effc,35.183757092481265,137.11291015148166,entrance,
4fd98882-d4c6-41a6-a5a5-752bc316ae72,35.183623218992636,137.11256755655398,road,
59d53103-aac7-4b88-91f9-b4ed5386dcf3,35.18366556842808,137.1122038024056,road,
530c16fe-8035-4daf-ac6e-c8af91a74b86,35.18368694231863,137.11245954036715,entrance,
70909da2-f5db-4b16-ba78-fafe48ea309e,35.18331865297153,137.11210012435916,entrance,
b3212e75-4858-4b85-b0e1-1298f99955d0,35.182473925793374,137.11381954515377,entrance,
f52882b7-bd42-4dcf-82b9-696984b57f83,35.18199893577284,137.11476624011996,entrance,
24693db4-2e94-45d7-ad2a-7136d1dc048c,35.18264870422263,137.11494710871153,entrance,
0df3e220-5c62-4ee7-bbe1-ff82a00129b7,35.1819380178581,137.11493628183115,entrance,
0b942d1d-9799-41b9-b017-cc2ca3479e67,35.181902477197006,137.11539924144748,entrance,
0e38f45c-3cc6-45f3-b2f8-53c38d5cbceb,35.182608375946224,137.11542606353763,entrance,
ed19d709-e598-4a6f-a36a-a5922922b155,35.18274867807281,137.11565136909488,entrance,
fedf0253-4218-450b-ac60-ebfddc032916,35.18177799758935,137.11635376977733,entrance,
9698c148-82a4-4fb3-b818-e073d5381628,35.18184878798451,137.11658029346154,entrance,
79fe8f45-ce2d-4df3-981f-b0d7cddda37a,35.18163730658243,137.11737079657132,entrance,
a68e4909-3c42-4869-afca-9b0b3e047e70,35.18157588480079,137.11786267593976,road,
2dd037f2-3f67-4159-88f1-618bb3460efb,35.182921680606256,137.1172395591945,entrance,
69fcda82-5ad2-4c5a-b440-d47f0a5ca4f5,35.18306008175108,137.1183660537588,entrance,
fab9efc9-762d-4ed7-a3e8-0548cd8955ce,35.18310117986255,137.11710681072088,entrance,
7555ac4e-c5bd-4c9e-9d05-2edf6f314da7,35.18363782954195,137.1182621670385,entrance,
22345393-c86f-493e-9368-4a0ac1f4fe03,35.185195157470694,137.1152597665787,entrance,
bd0f7004-57c0-4d1e-a02a-b3752169f2d0,35.18494525166219,137.11523294448855,entrance,
c33b0459-e44b-4638-bdac-ba2f67868379,35.1849108426254,137.1130689975816,entrance,
16ae66d7-c761-4555-88dd-ca31ab1e66a2,35.18464768047731,137.11298328616408,entrance,
8fa1ad86-75d0-4296-a124-e8a519e84080,35.18504170662672,137.11112916469577,entrance,
3b74651b-764b-4138-bf03-6edcbf53c4d0,35.18506362819359,137.11151003837588,entrance,
381bdc4e-41a8-4f2c-ad66-a07074eacfd3,35.183928872603204,137.11112050070983,entrance,
c35a455b-8dbf-4285-b838-ef54c9b77580,35.182586453717065,137.1143424510956,entrance,
4264dc5f-5dd9-4251-8733-cd1ffebacbe2,35.18257768482374,137.11483597755435,entrance,
8fe8d7e8-da46-4587-a2db-dc3f2b921fc5,35.18153004540527,137.113433466078,entrance,
4220cbd9-5819-4777-b43e-509983d8f930,35.18156487128013,137.113693356514,entrance,
028c9e57-4a63-4094-92e3-2017ade20d5b,35.183384419048764,137.1175450086594,entrance,
d3776bc9-5601-4893-ac97-6287b4f0f41f,35.184313581957625,137.11478968726254,entrance,
9b224205-2843-4c89-ac14-999aa5d7ffdf,35.18428547213051,137.11424654210316,entrance,
a53e6505-6fa4-4df1-8827-c6597ac8361c,35.184239594274956,137.1142228609026,entrance,
301173c7-aa5d-4e60-92c8-996e8f3affef,35.18334057500319,137.1125560998917,entrance,
535e0e10-147c-4e8d-8f69-11cbe5bce640,35.18142018260075,137.1094393730164,road,
e448fa00-e9fd-443d-b954-36516af4df42,35.18216160265521,137.109723797352,road,
b51df09e-42a4-457a-a251-f8a028649848,35.182555762586304,137.11022794246676,road,
2c53a00f-3c91-4414-8dc2-00402c75be37,35.182739777135225,137.11025988300588,road,
4bdc5fce-267c-4687-80d1-b0fb4dad7641,35.182701040807686,137.11012651196535,road,
feb3589e-e83b-4b73-b3a1-e364c5111bbb,35.182818724460816,137.11092553247835,road,
37143259-1f7a-4fd8-840b-bf0bc694b06b,35.18370003876946,137.1108122029641,road,
57dbbd9d-ef79-4551-b5f9-ef53159d20ce,35.18376448905572,137.1118361682441,road,
5e2437ec-90a1-4fca-a146-24a60effb3a9,35.18379933981039,137.11233524909574,road,
f1e5c16b-1689-41ea-a0f3-ea95a0d28a8c,35.183809705063474,137.11244344711307,road,
f45273a0-0bd7-45c4-9ef6-640f08061e54,35.18383601134181,137.11288869380954,road,
f5d124fd-02cc-4a44-aaae-7c9b943d5bee,35.183840395720686,137.11296916007998,road,
254f2919-fc66-4610-8e4e-7703cf9087f0,35.183849164477785,137.1131676435471,road,
65515b74-2239-42da-9397-66dd8fb1c1a6,35.18386231761162,137.11340904235843,road,
f5128225-65f1-435f-b4b5-d31bb0aac130,35.18387286110563,137.11351455659127,road,
f7b2286d-828e-4e34-8ce2-4e1975be5236,35.18399390842406,137.11373000438357,road,
3274debc-647d-4242-a001-ebaecb0d7309,35.1840113863131,137.11395621299746,road,
0baa3a17-bf7e-49ad-b65d-a55323016ebd,35.18403578966152,137.11424572352928,road,
ba488f22-06e1-430d-8927-96797ebc6752,35.18406356732537,137.11461387482524,road,
f696606d-2636-473f-b046-2a2c614cb717,35.18408592056132,137.11491107940677,road,
78681cad-ceac-48a4-b933-3005a2154425,35.18409907365686,137.11515784263614,road,
29b7599a-8f9b-424e-a8be-75e7b5bbfc70,35.18412537984153,137.11549043655398,road,
855968a5-edf0-49a6-bbea-cb938863528c,35.18399823320339,137.1155655384064,road,
6d3c05b6-dfa0-4dbc-91e5-06461b2f22de,35.183906035090544,137.11561214910222,road,
d3788cb0-b2e9-4c1e-9581-306536c89e1f,35.18349395471185,137.11580981159955,road,
e118ea82-fdb4-4b31-9b6c-d8be10a9b543,35.182903473678536,137.11547148853236,road,
e79a1917-97a8-4ed5-aff1-da1d7576a1db,35.18268644963767,137.1154176758394,road,
cc732805-70ef-426d-908d-7b896ad5a70c,35.18271798700332,137.11493790149692,road,
a0077958-3831-4e9f-b35d-06299192d88b,35.182726755881504,137.11479842662814,road,
ab9d6328-16c5-4d3c-9c75-6cc9fd434413,35.182744293635025,137.11432635784152,road,
2c5c0ade-6274-492a-ae54-53fc2dea9778,35.18274613022045,137.11399851249428,road,
609b9301-abf5-49a1-838f-63fa5e745e1f,35.182642479532134,137.11381006344016,road,
a7b24fbf-3148-4324-a60e-1ef1b49a6d6e,35.18273990919702,137.11384356021884,road,
402977dd-883f-4762-adf1-622beca66253,35.18273716153122,137.11316765397527,road,
157730d7-ee26-486f-a0f0-03f672c26225,35.182732079287774,137.1121537007046,road,
8ceb1780-91e1-41ba-b687-1258b992a61f,35.182682911481145,137.1114027500153,road,
719fc5d4-f704-4f64-8b49-0cc1d187caa1,35.18435547862502,137.11363474235986,road,
4c56a6f7-fc82-4318-b8b5-5ddd58c8fd2d,35.18436517414112,137.11386754899388,road,
1cb0246c-be16-4cb8-bb98-84db79a05ad7,35.18437659684136,137.11428154494763,road,
930b28bf-0821-4703-a64e-e54d99a0fa40,35.184392825569006,137.11462140083316,road,
3257d63d-2ea7-489a-8a17-56079f0a4c8d,35.18441036296303,137.1147930622101,road,
ba9f42d6-b6f8-4291-98ed-42b977af6c74,35.184410206694835,137.11492751372424,road,
d721cd0b-0a80-464a-a447-c16e7bce7a4e,35.184428167612964,137.1151814350864,road,
257c4f23-9fe2-4677-a356-6a95a25353a2,35.18440831272417,137.11525067076627,road,
b79a4b02-01c9-4cdc-bf3f-646199992c15,35.184879454841635,137.1156191065507,road,
6aca38bf-e7b8-4ec4-b8df-7c0bad09a9a7,35.18505101954861,137.11553113917228,road,
de9c98fd-366d-4afe-9cb8-3c2f5732d718,35.18507488340114,137.11577460004463,road,
61ae3c16-3e7f-4140-967a-0f0a0f5ca074,35.18428024857437,137.11536849288575,road,
9b84b47b-897a-4db4-8fc3-de241d17452a,35.184405978614855,137.11489498615268,road,
8b53c627-ffed-4464-b408-c894c2773d0a,35.1843734763593,137.11414536862338,road,
cf8b021e-3f48-454c-b240-dadf39230bf2,35.18423672690804,137.11419917970449,road,
633481b7-f631-4ea2-b034-a827af5cc573,35.1844943424273,137.11360013203608,road,
84e6c24a-2034-4038-af34-377a01283574,35.18453934453416,137.11350888664134,road,
f0c361a8-3731-4899-8e2e-b6053660dff7,35.184549630726934,137.11340977526186,road,
e33da1e4-0ade-4945-a4ad-692039c39f54,35.18456490031372,137.11336749657136,road,
81a32bbc-fb79-48ab-b72d-b1edb7132fde,35.1847540047217,137.1130689975816,road,
c6e21ea0-ad37-4c68-bb6e-63a9049fec5c,35.184860019730436,137.11290536605242,road,
8b6df043-47d0-4040-860c-c999402e4a34,35.18493648302336,137.11278676986697,road,
6640f22b-7072-48a8-9566-45d0bd4dcaef,35.184919663074766,137.11229319412757,road,
44381bc4-2651-4c56-9f7a-2bff6bcd6c2f,35.184965752349285,137.11218974398895,road,
0485b12e-9d4f-4d6b-9a9e-18258253c733,35.18503106913039,137.11198412220693,road,
357386f0-fdda-4eb9-9f64-5648bc09c673,35.18501978505392,137.1115154027939,road,
198f7738-31ef-4728-8015-c9037fdc76a0,35.18501540073865,137.11140811443332,road,
851aa9be-7a0e-4196-98bc-fcdc4694508b,35.18498471052514,137.11112380027774,road,
19e88e05-49c3-40e2-aebb-6e076611b78b,35.18492333006336,137.1105229854584,road,
36ac6076-3315-4a19-a489-6a6b0a259fbd,35.18489706951753,137.11017433016468,road,
9c56313a-7d1b-44e2-aac5-3670d2c5b055,35.18506878648603,137.11001713178405,road,
a131c077-791b-4132-b81e-dcb330f3fa89,35.18515136920455,137.10985786604476,road,
638ad41c-9577-476b-8a11-89e89da59cee,35.184870704446595,137.11009885482866,road,
710b59f6-735c-4aa8-a701-be227ac94f99,35.18465144673458,137.11000261270073,road,
32c246b5-f773-47a3-99dc-f55873abe38f,35.184542043080384,137.11001332626466,road,
b6c008b3-2a2a-41fb-b802-ea0c93711e36,35.184414218031264,137.1100669542613,road,
0e179e08-c7eb-4e50-9c24-1426e75b3cb7,35.18415568235322,137.1102280850306,road,
aa4a7493-5d18-4576-81c5-f56f7a5b63cb,35.18406940945306,137.11026503868243,road,
73694711-51a2-495a-ada9-cab4ae4edb53,35.183809604027985,137.11024404318596,road,
f085d8cd-7d4d-4c17-a4c9-43d3ef760b2e,35.183542205041164,137.11013141022687,road,
73fcb0dc-d36b-4659-927d-8a473d9c0dd8,35.18297686842246,137.11012418369597,road,
593e4972-f8a4-4779-a5b3-6c025ca59323,35.1838098059968,137.11031894216904,road,
90a537f7-51a8-4b55-8bfc-22b834a6ca5d,35.18398511372206,137.11037814528498,road,
6b3d4db7-f159-4866-b856-bd08ca32943c,35.18457675935504,137.11043199990883,road,
09b2beb9-49e2-47d2-99ce-b84c4f7e3753,35.18463838263128,137.11064640175937,road,
e01a3657-d728-4511-8248-8d03908b5439,35.18472990404577,137.11062535243292,entrance,
f62d796c-54fe-4e02-9659-f94a10ba132d,35.184940867342874,137.11073219776156,road,
87bb4aec-8f29-48f2-bf3c-838921379386,35.18499786347519,137.11124718189242,road,
a50d19ae-ac41-44de-b0f7-34909954087f,35.184490796254636,137.11147553328505,road,
cbbd52c7-0612-480e-a0fd-76d17e12ec3d,35.18384985706781,137.11120076018318,road,
3153d0fc-bde0-4987-ba0f-96b917183d20,35.18439787894701,137.11227694143537,entrance,
d5dc10e4-22a8-404c-8ff2-ac6c659e1a44,35.18448513341221,137.11266419438437,road,
9b56f883-2934-4af0-bc13-224ca03bd2e6,35.18451565312171,137.11332046006464,road,
cbfa1387-b90c-413e-8caa-2650e8095d6f,35.18434021336429,137.11338222026828,facility,275
652c089d-5664-49fd-8e25-d72a4bf071c5,35.18402453942071,137.1134036779404,road,
1d46a854-19ab-4523-90a2-a6d02f9d6e5e,35.18401577068254,137.11319983005527,road,
2b072493-7cfa-4815-9b78-ebf0533efd7e,35.183353728219345,137.11222350597384,road,
18ebe718-b339-4e2e-9795-8de41da8665a,35.18381408944378,137.11254537105563,road,
842a2cd3-0756-4d66-9d7d-e6d855144b3c,35.18375908863969,137.1137964394539,entrance,
6808517e-eb70-400d-a15e-9922990fe4ea,35.18397912940034,137.1149144204134,entrance,
515cc3a8-ae47-4a7a-ae7e-94aa1d50fa53,35.183634776663965,137.1147957512115,road,
f4787471-3041-46cd-aaee-e6eefd918c94,35.18361497489812,137.11490326289896,road,
d9194a29-26f4-444f-b028-c3da1d9d2bf5,35.18348502569083,137.11491386264197,road,
21df7b1c-dbbc-4f33-bf8a-1a42f9cbf5c8,35.18335136342368,137.1148835776528,road,
8878b7ca-87f4-4256-b012-710f2692431b,35.18350598538494,137.1152171128561,road,
1535bb6e-360c-438c-9671-7120914d2c2f,35.183679457848925,137.11531575096916,road,
981c0470-8556-49e6-a8c0-876941b93590,35.183821842637826,137.11539222050078,entrance,
584576c2-470b-4fb6-a0cf-2b22a291bc79,35.18309011426227,137.1148434352802,road,
439c91ae-64b9-48b7-9b0d-f5b293e32d2f,35.18291528653358,137.1147930622101,road,
a3d001bb-440e-4097-9593-b0c7b6d51f67,35.18271798700332,137.11523830890658,road,
5c77e195-9e0a-4ba9-8aef-3d379eba9dc7,35.18291528653358,137.1156030893326,road,
c5193adb-efd1-41be-b087-57a4bdab9151,35.18294597752859,137.1158176660538,road,
2d934ab1-0246-4dae-ad00-7e158f5d9c68,35.182932824246436,137.11618781089786,road,
709fe29b-621b-4ccb-b6a7-73f3a1c7ab1c,35.18288601473509,137.11642456994713,road,
3e62cdf2-d2e8-44b5-b297-a6053c6f54dc,35.182885962333316,137.11656694931838,road,
0ac82c23-8582-4a3a-905b-3216c03cc641,35.18305336113873,137.11714344933932,road,
b32cec03-c0e8-4e4b-a101-b9a3cd7011e8,35.18324961087498,137.11761907346062,road,
6e1c4bf4-b701-4fd5-afd5-e79ca806700f,35.18355289142647,137.11830022118465,road,
7ce57bab-2faa-437c-a38a-21526de4940d,35.18360729708316,137.1184652211494,road,
bee95caa-3f1e-4560-a5f0-09602748a6d1,35.18318273624326,137.11771130561831,road,
72e37e55-a1e6-49a1-a3fc-e4d0cf6a4ed8,35.18323534919729,137.11802244186404,road,
f828ee6e-a4a9-45ea-b56a-888879973e43,35.18320465831159,137.11822092533114,road,
0e4c5e33-12e6-4d10-aaa5-391e1d993758,35.18165237162117,137.11641496268783,road,
00ee4e93-c2fe-4282-ab63-447fcc6c01b5,35.18171258704197,137.1166372754193,road,
e0e7affd-3817-4de6-9c1b-35c669437a57,35.181739326283875,137.11679192785255,road,
739f5168-78da-4c0c-938f-ad4bde8abe66,35.18168590149624,137.1170424975379,road,
fe77d91c-de0e-45d3-83e3-ceeb053cab66,35.18188358639519,137.11753664491755,road,
e0af1f63-240c-4791-b84c-5eba97978d5b,35.18277060025824,137.1161770820618,entrance,
2b960d6c-51c8-4b9c-a5b9-396d325f95e1,35.183960647850725,137.11582727824435,entrance,
da6914de-32a5-4ade-bd7d-88e1759df40f,35.18414313412521,137.11578001502454,entrance,
43ddf3d2-926a-4b44-b5bd-7078e621c529,35.184191572231185,137.1155740975458,road,
b4d8ba80-f627-4b16-bd06-55b1ce109051,35.184293932696676,137.11555608503306,road,
31c26bfe-4f44-4bee-b3c3-8f5b6f926d3d,35.18428875599575,137.1164932280248,entrance,
d97c9cc5-860c-427e-a956-b71c0b7eb6ec,35.18489898921712,137.1157984373225,road,
5cd9f4dc-533d-4bd3-afaf-4ec394ba0a35,35.18454840168275,137.11566161360406,road,
7432c04a-20ce-458f-b3c0-23e39356cf81,35.18464256364422,137.11565141547186,road,
9177aa75-6b4a-40f8-886b-41bf147fed2e,35.18450559572659,137.1138535495583,entrance,
1f224ee6-9882-483e-a6cf-416723d50090,35.18422622013723,137.1148091554642,road,
31f5fcf9-d094-4333-b6db-d97d02710981,35.18238915338854,137.1149003505707,road,
a206a727-2cf3-4961-8937-8a204016b90f,35.181884939261835,137.11476087570193,road,
8c4553b0-eccd-4d08-94ff-923b2d6f8018,35.181880554777436,137.11492180824283,road,
170ab1b5-5b24-49c1-9a6a-69734d3377b1,35.18183232543361,137.115495800972,road,
ff69565b-00e9-4d45-abbf-d182f20b72dd,35.181823556458916,137.11562454700473,road,
34a6367d-273b-4530-a412-6d99a4926de1,35.18167448374454,137.11591422557834,road,
e4e3b987-63b9-4333-afb5-541d7e4a16ee,35.18160433178435,137.11617171764377,road,
bb511c79-9f3e-472c-a904-473d98e576ad,35.181797249529176,137.11498081684115,road,
3462aa4c-f669-4b73-921f-97a7eab675a9,35.181727097674944,137.11508274078372,road,
98f0b6ac-2c71-4e27-b420-97fad53cd8b3,35.18167009924881,137.1155494451523,road,
1f622a48-4b61-4419-91af-38d67470de73,35.18189370822989,137.1145194768906,road,
87a273c0-7807-4ed7-a5d6-dd01f51952fc,35.18168325273531,137.11368799209598,road,
f1f37527-e805-4893-b5bc-422c8895dc60,35.18166571475282,137.11355388164523,road,
47475a31-0cd8-4188-bba2-5694d1cee76b,35.18169191494398,137.11327281370018,road,
e3be9718-032d-48d2-a80f-8f33b8b9ba47,35.18173148216761,137.1130818128586,road,
4072a5c0-4ae0-4ce3-8e2d-f6df65060f7c,35.18199893577284,137.11299598217013,road,
d67e7d0e-5b77-4420-b476-0ebcb1d75a06,35.182148007892124,137.11303353309634,road,
e62f0f7d-009d-458f-bca6-bdb8e86257fe,35.18237600001626,137.11323738098147,road,
61526100-0d29-439d-9016-dcca11d4e1ad,35.182560147034266,137.11323201656344,road,
9161bcde-4fca-401a-97dd-0b124c47d91d,35.18188932374598,137.1130281686783,road,
def9db97-8f67-4f67-bba4-7eead96111ac,35.1814114135816,137.11293160915378,road,
ccdc1f63-1b68-4254-b5aa-cd8a1956736d,35.181332492366685,137.1127760410309,road,
60a65d4b-8d5d-4c03-a170-8d7b06a0f520,35.18128864721415,137.1123254299164,road,
3bb05680-3503-4fca-b554-d116e52eeed9,35.18127987818084,137.11211621761325,road,
cc780325-888e-4dcd-8a1a-6102663b394b,35.18113080446929,137.11322128772738,road,
3b0f156d-2a62-4df5-832c-7a51c204d182,35.181122035418895,137.11396694183352,road,
ee1177f8-3930-4fc4-8712-f9b21813b4e2,35.181122035418895,137.1147930622101,road,
c791f574-4f48-4070-a9c0-8acb6c5aca7f,35.181122035418895,137.11562991142276,road,
da09473c-5f38-45ab-9078-e155c1afef24,35.18108695920796,137.11643457412723,road,
60aefbc9-3374-4998-8db6-19566dab9cf0,35.18103434486316,137.11724996566775,road,
06493e4d-07e3-4113-9008-e1b54720908f,35.180972961417865,137.11789369583133,road,
14f4e28f-d109-49bf-89f3-331f8170b509,35.180788810803776,137.11846232414248,road,
0e7e2aec-3d64-430b-93b5-454a858f300e,35.18134126139433,137.11172461509707,road,
324cf65c-0c00-4a5c-a522-7e6dde770815,35.18139826005109,137.1112632751465,road,
a58e91ff-62cd-4954-88b1-f67b42da03a9,35.18148595021422,137.11060881614688,road,
f17f1363-aada-436a-a3d4-bf57c3d49677,35.18164817676656,137.11018502712253,road,
befe33fe-4756-461f-a5a6-70562f535c87,35.181823556458916,137.11053371429446,road,
2a655640-5478-4821-81e9-f93aa4503489,35.1818060185067,137.1108824014664,road,
d8717d14-75ec-45ce-a498-11a4f410d6a5,35.181613100782684,137.11073219776156,road,
500c2643-5022-43fd-89e6-7da1026906e5,35.18284633351426,137.111135563171,road,
60f80815-b6da-4d09-a1de-32bc1bc33796,35.18284061340573,137.1117978240436,road,
28422795-22a7-4f05-9411-0935946a98ae,35.18292907086533,137.11222231599555,road,
4caafdcb-16c4-4d9b-a0fe-6b5d7d8e2703,35.183109203949556,137.1122072526735,road,
412e6512-fbb0-49ee-a864-6d538a74ebcf,35.18257330037672,137.11170315742496,road,
a5957e49-93aa-4987-8b13-92ae9c87779f,35.182625913725296,137.11178898811343,road,
9136171a-0293-48c2-9e19-1f91f23aeb7b,35.18266098927208,137.11213767528537,road,
dc709b69-cee2-4785-86b2-40750ad1877a,35.18269308479388,137.1116381191668,road,
75500452-ca6a-4a75-bb7a-65371a31f499,35.182520545454054,137.11168117744563,road,
476a1f5f-70fe-4d05-9d5b-fdc0a6fdaaf8,35.18245930467134,137.11131155490878,road,
45db9cf5-0c2a-45e6-9b0b-bbd978b273a6,35.18280166545617,137.11083366418796,road,
eb5522c9-94bc-4b70-8d9c-4685835d0994,35.181911246163175,137.11275994777682,road,
e181f742-a53e-4425-bb8b-0eb67fd78b38,35.18189370822989,137.11193382740024,road,
c4402167-0d67-481e-97f9-d1d9901cf701,35.18192878409267,137.11235225200656,road,
9b80c0eb-7808-4bae-b145-9da42e8ee1f9,35.18215199664259,137.11225545898174,road,
d7946f7c-7c95-4b30-991e-638c9f2a178a,35.18255537963559,137.11210591920104,road,
a7e7ac73-20a8-4c2a-ad58-333a5e8f47a4,35.182687381312135,137.1123022013105,road,
fbe327de-0346-43fd-a816-eff0cd1b3d4c,35.18273552475875,137.1123039722443,road,
100f4476-337b-457f-bad9-52d0a90eddcd,35.18355541060054,137.11314082145694,road,
d566cd35-4069-4091-b4a9-7143f527af91,35.18287582666585,137.11315691471103,road,
d04143b9-5556-47ae-8cf9-d502990745e4,35.182393537845485,137.11162805557254,road,
d366960d-ae40-426e-92f1-1ed123da822f,35.18237600001626,137.11132228374484,road,
4264f27e-c9b8-48cb-824c-6c4ce002495f,35.18234530880604,137.11107552051547,road,
fe250fba-bebd-42ff-ba7e-141798f49c03,35.18226200403413,137.1116548776627,facility,395
a97168a4-561a-4e41-8712-998fbb25453f,35.18213047000993,137.11166024208072,road,
dab45b57-ecba-4ec6-9bd7-33c604412fc5,35.18201981523593,137.11170070222403,facility,399
c9a342b5-10b7-44a9-8cd3-268d27834dbe,35.1820515494932,137.11231470108035,road,
424b10bd-e30b-49c9-a49c-b6fec0e3951f,35.18184524234589,137.11173121509688,facility,401
1521a6f7-9b7f-4459-8b4f-62f62dee3b18,35.18167886824005,137.11175143718722,road,
d4d824d4-5b80-4f2a-b8a1-25e02416a2d0,35.18167009924881,137.11195528507236,facility,403
9e82a20a-6833-4fa3-ae08-822443967fe6,35.18170079071401,137.1122878789902,road,
fe564e4c-b04b-4f7e-8f53-e89bfa6daac2,35.18153856426666,137.11197137832644,road,
fb18ef53-27ec-41df-8f09-c6119134a491,35.1835027978537,137.11037278175357,road,
df7198ea-5c63-496a-aeda-d4b4bb4c495c,35.18283185880469,137.11013145153743,road,
9f494f6a-1fd4-4118-b2a0-d4fd3e15a88c,35.18140702907166,137.10896730422976,road,
6d6815b1-fa58-4acb-8341-6c5599a9f70d,35.185217078996196,137.11616635322574,road,
409853c1-7fd9-4524-a609-a16f793c8019,35.18510926654565,137.1161643417991,road,
624da1cf-844f-404c-aad4-a54cdd8e6fbf,35.18367817354405,137.118735909462,road,
bf4477ec-f85e-4e97-afde-95876b2d79d8,35.18381850333665,137.1191058932015,road,
0f80e053-04d3-44cb-87eb-ad873f3a41c0,35.183732586017456,137.11859054417675,entrance,
9ef4368e-7d2f-4a8f-9bec-a07b48c8148b,35.18328564208383,137.11888104752245,entrance,
f7fdcd92-53fb-43ae-b7ae-9634453670a0,35.183221196340995,137.11898950840828,road,
075e5949-825e-4f3e-861f-82f40093535c,35.18311043009662,137.11915213801933,road,
10dfe716-a881-47e2-a12f-85fc5228ac10,35.18267743332821,137.11938869017723,road,
6a68dac4-eae5-4957-a3e6-8fa948c783e7,35.18235721563012,137.11933201622236,road,
6fa9683c-9703-4182-8d73-33f9900074e9,35.182204155149606,137.1191028151717,road,
c596d7e8-36a4-4628-8707-65d588db1485,35.18215239236206,137.11865007877353,road,
38acd347-2c39-4e89-bb26-02442749213d,35.18229707973798,137.11825311183932,road,
b3b9db50-a356-4889-83fd-01f52a4ebda4,35.18280229774619,137.1180457227086,road,
5f9b8986-af98-4818-9c34-a1c5c3f030d4,35.18293720867404,137.11817264556888,road,
4d5f11e5-bd55-43a8-884e-7e864b698ac6,35.182984336596945,137.11628124153373,road,
f26cbb94-860f-45f4-89d9-f27d9a82174e,35.18353594976969,137.11603058720976,road,
ce191f8d-72ea-4c00-b0b4-bd11172d46c5,35.183132438736294,137.11715461800122,road,
b5e2638d-d2e8-4a4b-8ccb-1e0d0c71ad0a,35.18370681840868,137.1168319188675,road,
2c5bbac8-05de-4a3e-8c89-b69be7a38147,35.18271360256389,137.11645603179934,road,
279bb44a-c919-4a77-96e9-f57b00818bdc,35.18234530880604,137.1166276931763,road,
83f8d66f-bf30-4745-8f44-ce9e1dcce171,35.181933168574474,137.1168100833893,road,
f1c6322e-53b8-4a16-8c93-b9d5bde4a549,35.18174902013591,137.1161395311356,road,
2fa94a69-9c06-4c71-b2be-7e5089122ed6,35.181968244420204,137.115672826767,road,
bf9ce1eb-41b4-4ce6-b902-b43be0175f8c,35.182248850641294,137.11555480957034,road,
7b0f0960-df3b-4a17-bc67-0238d823f42f,35.18246368912449,137.11562454700473,road,
3ce9edf2-b989-42ae-87bf-764a99edf845,35.18280129130785,137.11586058139804,road,
6e7cd4d6-12fd-44c0-b612-4ca6b5a87126,35.18276012157021,137.1166201150989,entrance,
e8b81942-e46b-4651-b30c-750d401682c5,35.18235407772443,137.1167886257172,road,
b9d7b318-3382-46d7-a3bf-73a5e108ba18,35.181770942590944,137.11704611778262,road,
d2c33dac-39c6-448e-bc90-24a86602ba86,35.18197071291327,137.1179164052112,road,
4bf94800-01dc-4092-ba15-ceab2579405c,35.1824244953509,137.1176921023474,road,
026d5248-f3de-4df2-beb9-8783292ac9d5,35.18286178183547,137.11745275795573,road,
c2a1309d-2c76-4f59-918c-3a43bbf6b664,35.182911619480365,137.11430165951793,road,
c543f900-ee6f-49c1-8fe6-d0528da096c0,35.18290651767575,137.1139991283417,road,
a7e2e1cd-f0ef-46ef-b42c-880f302d6a97,35.182989821787025,137.11388111114505,road,
947e6b26-932e-433b-a64f-111665e9ad14,35.18355541060054,137.11384356021884,road,
aa2dc809-7bb6-4bca-978c-f9ff73696d43,35.18359048574619,137.11427271366122,road,
05c4eca7-85eb-4339-886e-1ffa3c386e8e,35.18327480889047,137.11431562900546,road,
9971cb2a-970f-4257-ac1a-9dc0b2aa71b0,35.18365186721463,137.11269021034244,road,
94f01264-068e-4931-9663-8827edb42a80,35.18366940476854,137.113151550293,road,
ccb88e1a-b502-428f-a8e2-0b309f6f52ed,35.183375650241544,137.1119821071625,road,
b85a6a45-222d-453c-ad50-6a7e54d37e21,35.18305558813035,137.11199283599856,road,
59b92995-5436-458e-8646-bf752fddf211,35.18411063017102,137.11256657675602,road,
72dd1570-300b-4e35-ad98-fb761c71bf43,35.184448730071466,137.1125292308679,road,
1e4aef9c-89bf-45a9-b8c7-8d470511d5b6,35.18447243682283,137.11242766009173,entrance,
6c71b55d-69c4-4380-a0a3-edf5ec6bab98,35.18435775076966,137.1130442619324,road,
eaab9eed-f544-45ad-a920-61ccf03e8584,35.18449537648041,137.11304248174184,road,
38c83f25-cec8-4169-8061-5b6cb411706b,35.18464656572684,137.11236999147013,road,
082dc6ee-1425-4e57-a302-002e3246e0a0,35.18467010875099,137.11193456842256,road,
8c28dbb3-7a6c-40ea-a8c0-51ad9a70bdc3,35.184502223521946,137.11195590517724,road,
9c7d50f1-5dcc-4310-b8df-a90b2422e033,35.184362161659266,137.11205108444415,road,
8b98636b-191e-437f-a89b-ffe1e7fcf21d,35.18407276746367,137.11208403110507,road,
fb29432a-447e-4729-8527-c3ef135f2c7e,35.183975685932865,137.11180212925723,road,
58696569-3738-4fe9-abf4-5f6a6782819f,35.18401286258876,137.11231236355968,road,
418d0169-8c8e-4884-931e-f8305d9ee6d4,35.183999202105355,137.11206877249936,road,
467942f9-a6a4-4c36-b05a-ca47063f381e,35.18285397486956,137.11185868775067,road,
6620276b-515b-4609-ab3a-936d0c9a99e4,35.18344942009881,137.11183749491005,road,
ccf3d601-4c8e-49f7-be31-8464ae5e5434,35.182994206211575,137.1124488115311,road,
b1513a28-92d7-4de3-a39b-6ba7669b5dc2,35.18329673093394,137.11243808269504,road,
6bf493e2-7745-44ae-ae44-8ee3247ebcda,35.18332303737832,137.11288869380954,road,
130962f3-1b0c-4cd4-8385-a9f0e13674df,35.183064356972125,137.11290478706363,road,
e4d92d88-39c9-4b67-bed8-61d44fa7bd55,35.1818757194617,137.1178389384446,road,
bf6153d3-ef8a-490f-b47c-a38343629306,35.18149471922532,137.1145731210709,road,
b8179d3f-4769-4952-aebd-c66cda585f03,35.18131495430852,137.11456775665286,road,
e6940cb1-8225-461f-8053-388a9e30a1f8,35.18136497506262,137.11355206001292,road,
21316ee0-ef12-419e-9a7c-e8a87e91abd4,35.18157677245391,137.11354388097908,road,
49fee8a4-cc3d-4d4c-b888-729612601ba2,35.181578024783654,137.11415469646457,road,
19a6035a-76c6-4cb1-889a-7a7b3c7ca826,35.18149069198327,137.11348414892393,road,
6688bac6-421f-4315-9091-425a72ce35f6,35.181402644561516,137.11318373680118,road,
f89b0d97-43e9-4c70-bc49-537deca2415f,35.181388004812476,137.11347309808787,road,
382f91a5-4324-464c-9921-fe944906a9ea,35.1819945512946,137.1134573221207,road,
9e1d7c2b-e9ec-45e0-bd9d-43ea5492585e,35.18242861349255,137.11352169513705,road,
2b8cb7d5-5fd0-4793-93a9-0d8e634aff7d,35.182411075670906,137.11404204368594,road,
197de2b7-a181-451f-ae16-9276b4b848a7,35.1819945512946,137.11407423019412,road,
609ff6f5-0ccf-450c-b44f-2bf5380371de,35.18238915338854,137.11441218853,road,
afd77a76-3ade-47dd-844c-2d1409ea32a3,35.18204716501781,137.11441218853,road,
a764632d-12e5-48b5-b5ea-fd56fc462ad4,35.18370009547875,137.1143049001694,road,
a418c312-5c74-4db8-81ca-ced6b257bb0d,35.183649274729675,137.1138555144646,entrance,
aefe89a6-9ced-4224-bfa2-1728847e9297,35.18363871404672,137.11366117000583,road,
3555242b-d23e-4638-9762-4d03c1ff0ef0,35.1836211764862,137.1133500337601,road,
49457ee5-22b6-44df-a2a5-2b111527c57b,35.18377024562999,137.11332321166995,road,
9ca4c48d-a2b0-4bde-989f-9acc5858484a,35.18524776912194,137.11112916469577,road,
fc466797-2363-4543-8c99-1358f8d08db0,35.185370529509036,137.11125254631045,road,
fc20a570-05aa-4584-bd82-02f0660910cf,35.185304765039,137.11154222488406,road,
10e35d23-5904-4160-ba20-0ee8915b943b,35.18526530633144,137.11190164089206,road,
3c7eca4b-6ad1-448d-a1f5-844cc6716fd0,35.1852083103867,137.11214840412143,road,
d3f4a79a-1aac-4834-aa0a-4ced6ca5afb1,35.1851688516323,137.11243808269504,road,
bbe4c3dd-f997-4839-b8cc-7fe50608b6dd,35.185173235939295,137.11270630359653,road,
c4d44e31-46d8-4994-8202-8e6284d66473,35.185326686534935,137.11300134658816,road,
7bf92994-e717-4ae7-bcfe-601b24a40cb3,35.185493289710685,137.11330711841586,road,
77baf89c-1c29-4bc3-9522-19412ef37992,35.185493289710685,137.11366653442386,road,
2b144bee-6b29-4328-990a-7fed82084fde,35.185475752550374,137.1140152215958,road,
f4997d35-69cd-435d-a547-b401301a33fc,35.18536176091611,137.114235162735,road,
8265dfa4-1f41-4d28-ba33-a79a69893760,35.185217078996196,137.1142137050629,road,
7ba1f338-364d-4f8d-bcc5-f15ed57986e9,35.185085549754554,137.11416542530063,road,
8c06fcd0-bc87-4295-bb24-07e101ad2e53,35.18502855368374,137.11427271366122,road,
7db6d1da-21e4-4e9e-98e7-cfaaef666264,35.1850987026883,137.11440145969394,road,
843697d2-8161-41b7-8c08-e265fb07be1a,35.18519077316489,137.11446046829226,road,
e1c2c272-3fb8-4f18-8543-b6bb45780103,35.18529918289626,137.10965838731107,road,
117cf2aa-6cdc-4bc7-b72d-404a4d4ebea4,35.185545901168915,137.11063563823703,road,
dab938d8-b24a-4751-93f6-ac8ebfeb3931,35.18565550826416,137.1145570278168,road,
2546e985-3e01-4c03-9d73-b2b27b73edb2,35.18571688817293,137.1152222156525,road,
e55b2dfc-898a-4778-a9db-690bb6fbb62d,35.184402222216534,137.11109616881674,entrance,
6a300fa9-9ae6-4786-a47d-3af510d4f928,35.1846407794807,137.11098693950032,road,
64681a97-4c21-4c56-a2b0-dfe116ec340a,35.18468266830628,137.1107555945718,road,
8b5709f5-fc9a-4138-9abe-79ed5f298da1,35.18435344394872,137.11063567989413,road,
08734777-2f82-404c-be20-4f4c64ce6029,35.18438629707133,137.1110952646663,road,
beeab791-c91b-46cc-849e-896fb297a0fe,35.18399667921234,137.11081345457433,road,
e9591b6a-805a-4677-aafb-6e583fa5fa70,35.183988841022924,137.11097102849192,road,
e6f55bc5-1c8a-4028-9f06-5f96127f8786,35.183777257823095,137.11099494593321,road,
14eabd3c-40f9-4ec8-903e-deb2e26fd3ce,35.18388171744314,137.11151917780637,road,
a82c40da-e797-4373-a1ed-157409a67e39,35.184094472414586,137.1116654776335,road,
645c63ec-b7a6-4361-86e0-6ae9ab67b852,35.18444203710324,137.11162506991366,road,
5fd901af-1e3c-4bbc-ad73-bc8afbaa9789,35.18444982208569,137.1118748188019,road,
ffe2476e-6255-40fd-bbc0-f83522802412,35.18410345802157,137.11192309856418,road,
e475b2d7-61f2-4013-82b5-72d127e94241,35.18432293531288,137.11159984072157,entrance,
206e4b79-621d-43a0-914c-93a2e898e266,35.18431838177365,137.11152305791938,road,
901eef61-1045-4653-9447-abd9b5903d8f,35.184326234792294,137.11164326844,road,
c8c6f9ef-261d-4c29-aea2-a6babb90b193,35.18438844121992,137.11076974868777,road,
2eb1af73-31fd-41a8-b4be-19fad756ee0c,35.18461642705909,137.11079657077792,road,
43f29c87-2e06-4f24-a5b3-f1a4420e36ee,35.18432773973504,137.11079340870583,road,
af690ca9-a32a-48ff-ac35-6224aac77f88,35.184068383097305,137.11080729961398,road,
0420415f-640f-453f-9106-29dfd7376c55,35.18435837567674,137.11113510602917,road,
355c5661-4fb7-44e0-b4e7-271d8b69b89c,35.18406399873072,137.1111345291138,road,
7c701683-ee4e-42fc-8048-c2ba32dd38d3,35.18455149865238,137.11119668785545,road,
85377711-a414-4e44-8c4b-50b5021fdd76,35.18457335435882,137.11146410131175,road,
e21a9c9b-924a-4b59-84a9-5961682e506f,35.18459888970955,137.11177825927737,road,
3cc80600-376f-4930-8ecb-6581c4c8db3e,35.18451558724755,137.11179435253146,road,
fc40b467-86cf-4455-bfcc-f0bfc9cca3fa,35.18429169429534,137.1112357492146,road,
ac6e64e9-96e2-43f8-9c49-10853471d4a3,35.18423961680641,137.1142593706315,road,
a1da2228-4737-431f-a027-117431064be7,35.18419349018282,137.11425707364356,entrance,
cda0ced4-b863-42d1-a681-e33713414ceb,35.181462454334664,137.1099332588273,road,
afb988a0-cb37-4032-a53c-73e178a05583,35.181566868924264,137.11004160707114,road,
a3eac146-caaa-4d3b-b88b-f2fe5c5369c8,35.184663866047416,137.11098140514065,entrance,
c8426bb6-c0ea-44e6-aa02-cb5ff4b4b9a2,35.184656728068575,137.11110011934215,road,
4ea00c1c-8564-4b7c-8091-80ec104775cb,35.18366183184163,137.1186291026715,road,
e7944bb4-d622-47ad-a847-a4b2cdbf33b3,35.183578375785004,137.11769316346113,road,
f734385c-6113-4dde-a3cb-f5507625523e,35.18382362893462,137.11712405756248,road,
d5cd3b7a-23fb-468d-b038-29bda39cbf25,35.184736978981675,137.1166825693515,road,
f0a9e442-752e-4f68-9050-7449a81a3570,35.18511190056665,137.11755864752223,road,
59f25677-f4c1-4aa2-9dbb-42b26b682854,35.18502733193918,137.11788631455488,road,
65b354fd-fed9-41c8-a876-97696b650f8b,35.182732320361694,137.11537937978204,road,
ca954edb-0bfd-46e2-a1b0-edc2c0d89b20,35.18298094650066,137.11298718719104,road,
b876497d-93d4-4aca-afc5-2b548d6265de,35.18281825265311,137.11310458064446,road,
472d7de3-ddc2-413b-8ad6-f687ef0ef522,35.182954333989514,137.11233902516898,road,
0ca23f6a-1eed-4f57-bd62-f8369bbcbcba,35.18428026453091,137.11113439315767,road,
2e87dcf7-b204-4fa6-88c3-85b478a96e82,35.18477482013398,137.1118053200599,road,
776b514e-25c2-4c75-9649-028a71dc455b,35.184841489124025,137.11182507828795,entrance,
b463a405-115b-429d-87c5-0e758f05136e,35.18502693699192,137.1118951389176,road,
84919af8-07d5-4e54-a25e-a2892791d22a,35.18388773573619,137.11936001694949,road,
96c7f271-9ae8-4bb7-831d-cedf3dd70cc5,35.18376236891571,137.1194332778506,road,
19ef9b96-b28c-46f9-884a-bececc2ad7bb,35.18376676656587,137.1189796117293,road,
58083eb5-3905-47f4-8036-508321d57371,35.18351449980386,137.11910446100023,road,
27232e4a-4fe1-4317-8084-7359dcad28b4,35.18343796928275,137.1193229472213,road,
fa2ef0e5-b551-40b7-9164-773872b48ce1,35.18331892166313,137.11935936159267,road,
1de77a8e-5200-4b28-8ea8-911f8abed556,35.18326790120115,137.11938710587322,entrance,
abcd2ef3-42d5-4f31-9ac5-c7ec818f5264,35.1824981921275,137.11808761215298,road,
6137dcf3-01f3-4f3a-9422-c296e05b6cda,35.18451541577976,137.11548537677896,road,
2d40b39d-1337-4346-a81b-a4adc014b33a,35.18466320052035,137.11590142170513,road,
6dbca362-7a4b-4418-94d8-c2a079fbf6ca,35.1849186199327,137.1158625594993,road,
e294ebcb-84b3-49d8-930a-67dc6af00af6,35.18455468303574,137.11578718814212,entrance,
6f0e251a-af71-4072-8755-29bd04743e96,35.18455003072499,137.11590530317198,road,
94bb957f-4f60-4271-be3c-104011dba04f,35.184419765918875,137.11555665037702,road,
5a2de8e2-5138-496a-9280-2f81be1792a2,35.18434998111567,137.11592522618741,entrance,
bdd480dc-2023-4f80-b1d3-235bf6b014b3,35.184326190283386,137.11592528937337,road,
774a908b-4f09-4fbe-9ca7-963baa60ee60,35.18435230726803,137.11633934032523,road,
206a7d82-149e-4d43-a119-e7fc81ab1657,35.184501120270525,137.11631941731156,road,
50e23615-3639-4797-be85-4f66962a2091,35.18465348339714,137.11631514809352,road,
4de93028-739c-41de-adde-e69c39e4c5a0,35.18479654164585,137.11629949429414,road,
f38776af-9c65-4cec-950e-3316e5f29809,35.1849523934346,137.116273878988,road,
b8e6a581-5e6b-4566-8192-f933e19ab43d,35.1851128972033,137.1162568021159,road,
c4744a4e-a4e8-4f26-b793-b1f39f7aa739,35.18513839171537,137.1161157758621,road,
8c67dfa9-ee8e-49f5-a5ef-a52e85725686,35.18527433903249,137.11609999192706,road,
1cd94caa-1562-4496-bbb1-f31cdf1a2877,35.18525846198551,137.11571267845488,road,
f0fb1667-c4d3-4494-890a-6f445b584844,35.185219761669444,137.1157223916457,road,
0cd150c2-99a3-4746-81de-9c3c5f015d7c,35.18494914774358,137.11558099715796,road,
1152782f-8f3d-4509-ab7a-2575c3779d46,35.18447324058812,137.11616362799987,road,
cf7bc8d3-2e2b-424c-a0ed-a93cd0392cc4,35.18482818782596,137.1157745978016,road,
ee935521-f6de-48f2-be84-fc6032fe5239,35.184597944312344,137.11480592056955,road,
b0f28d8c-2873-4371-884b-207fe948d7eb,35.18455864381714,137.11385864026215,road,
630c783b-b95c-4a08-a3b6-b3ebd82fa633,35.18418315259622,137.11365576355638,road,
c34db2c4-5b78-4889-8e85-56da7a736f14,35.18399216800174,137.1136767678209,road,
070e003d-7af7-4a05-95ef-9b3be9e1f490,35.18387455058651,137.11376349091387,road,
4012ce67-4451-4736-9437-b56e2f277af3,35.18388883182095,137.11393546721905,road,
e739d0b6-0f23-4564-9d35-55559f38c251,35.183897099905124,137.11407341613227,road,
02d7ee32-59c5-4456-bd8a-7c7c68c54b9d,35.18326084056092,137.11344066504887,road,
800fdfeb-7b2e-41ee-9be5-5cbef9fcbcc3,35.183287512400256,137.11386272579819,road,
80450cfb-f412-46f2-bf8a-04a2117e5abf,35.18327153829718,137.11409425479553,road,
b31ff763-2c72-4ad0-9048-7722dcae1890,35.181500012532666,137.11323833711936,road,
fd08efab-30a5-46e4-8efb-220861989e45,35.18159930451962,137.11326550347076,road,
7d48cd0a-840e-4bd2-b773-c51e0775ef3f,35.18157615189743,137.11344277652915,road,
c59873d1-7e79-4ffa-8a8e-51931660e070,35.18372586549383,137.11886591196975,road,
410dfbcb-41e8-42a5-a1dd-f11b2e2f55a3,35.183806219250854,137.1188139927462,entrance,
b5ca1c83-1a2f-4b7b-8784-b2ec61263feb,35.18389840942862,137.1190915068487,entrance,
13087878-c91d-48b6-b81a-d8ff63824677,35.183757863479315,137.1193918326976,entrance,
9bf2c739-4f79-4aae-838a-f4c38f337f20,35.183754091483735,137.11935565807215,road,
adc33a1e-3cef-4f3d-a732-5b36a5b2cb84,35.18157920392967,137.1177663064327,road,
beafdb92-2875-4014-9972-6c579272f356,35.181548929907336,137.1156739313637,road,
eec0dd71-9c90-4853-9b89-0e72b5f5078a,35.18255498190392,137.10993837178376,road,
b9f23025-4ea0-4e8b-87a0-785b1c5b520b,35.18242922311585,137.10986914662294,road,
7f235f48-5f01-4225-8e19-1c1900ec6cc5,35.18367050726009,137.11037303942328,facility,64
bc11ccd1-d703-41d9-a5b5-c2dd5d812dbe,35.183027981526976,137.1102286700313,road,
e4bf3132-a1f2-426a-86f0-0f954147e4b7,35.18353802140349,137.1101426571306,road,
03841fea-1aa0-4bc3-acfb-6c1277861359,35.183154776305,137.11045761423105,road,
7e167987-c2c2-4cea-a3e9-97e538fa7c5d,35.18479674969237,137.10967048416876,road,
7d25c2c1-b0ad-41ab-acf4-e7a073c40e20,35.183954391608935,137.10947693836238,road,
4e9aa4b0-a6fb-4779-9354-2666378f0831,35.18362954603958,137.1093922206913,road,
80fdb658-262f-4208-a76a-84f1a4e39008,35.18321793214656,137.10928477246466,road,
6fe7f10a-19c7-49d6-bf65-ccd3527a8ce9,35.18288042059582,137.10919869369678,road,
280dfe7d-853a-4fe0-833c-a9dae44ac391,35.182425826481406,137.10908489879785,road,
dfd6ff1c-14a9-446b-9c34-3b95be1af113,35.18209249396725,137.10902546266527,road,
7bc45a20-83d6-4ba6-bcf4-d7c6333fc0f6,35.181726530966486,137.1089726848001,road,
dbf3151f-ff42-4878-8398-85a9df743380,35.18347527917945,137.11082720366522,road,
543b1730-7df2-45fc-bdbf-7c7f9fb755b8,35.18378605736709,137.11218434387263,road,
a9ee67d6-78d4-436a-bd09-8f92ea18b0b5,35.18464953026135,137.11570958028545,entrance,
4753e481-9ac2-4325-be78-7596bc5a3d21,35.18466237458233,137.11588728118642,entrance,
b80dc74c-52dd-499e-9e06-58605154b708,35.18264596366258,137.11400033161573,road,
36aed1ad-1702-48d0-8622-586615cb1225,35.18366673586593,137.1122598967903,entrance,
b0ef939e-6d5f-4a96-a710-f133f244d792,35.1834674111977,137.11216414622947,road,
60375bbd-bfda-4801-ba0d-ab8ca725312a,35.183103900875395,137.11213472388562,entrance,
58d82d69-1dcd-4b4e-9617-24c657ac7b03,35.183541095088415,137.11220368051818,road,
79f3499d-25b0-4cf4-89b6-44971a236179,35.183741085715326,137.11147524415992,road,
34b68eb5-936d-4657-ba36-f112db6c0ae0,35.18356909128829,137.11149346001412,road,
0101b1a6-2ca3-4fc4-be6d-d3324c6f851c,35.183447566047704,137.11152271033876,road,
b6f9c049-3cea-4a34-9438-1cea6daa624e,35.18343826902725,137.11173396267304,road,
dacc1e6c-317d-4099-b524-7dd2e9c6af31,35.18373130715095,137.11131538368238,road,
800953b4-d177-44eb-9a06-d2b9c841e6ff,35.18355995742057,137.11132650885975,road,
b33ad7a3-49fc-4d14-953b-77362fe2f8de,35.183523766950984,137.11102684683658,road,
958b56b2-a77e-4365-b7a6-0589f2a7c2ea,35.182907767970676,137.11102785115662,road,
35e02f9f-4ec6-40bf-bc6f-17a79677ac09,35.182917026069646,137.11172397324538,road,
267388a7-708f-4291-8960-371d424edaa5,35.18340938774617,137.11053445119308,road,
65ad028c-cce3-4e05-9252-b7bb3f2d0c58,35.183396367259476,137.1103695198608,road,
d4435bda-84dc-4803-a869-9114d78d40d0,35.18362212535085,137.11051214303063,road,
010f2556-87bf-4157-af56-fdf77e7e37e2,35.18360969759014,137.11037614604288,road,
b194e2c5-5db4-4eb6-a05b-77a069ca3201,35.18452946326671,137.11226055333526,road,
ca5c4539-eb7e-473a-be14-d049a8be0ace,35.18453506466635,137.11242366753936,road,
36c9005d-2bf2-4c02-9f65-131bb46bd108,35.18455186886375,137.11265531712388,road,
2d578266-5d28-40f1-99a2-f370c8aa94df,35.18453292804128,137.11223333765076,road,
f6f443c6-1364-45e6-ac27-cfd250190c8c,35.18491916208576,137.11190000572924,road,
e28a6979-bd88-4126-8cc3-36bfc193acb2,35.184924548827595,137.11184508134158,road,
f1cb6b7d-fedf-47dd-8c68-48d19eb64ae0,35.18452244341664,137.112039989224,road,
72a967ac-3661-4b18-8e60-0490bebdcfb0,35.18477669374481,137.11201199148832,road,
c61dea64-caf6-4b46-a275-268ab9e979cb,35.18501587922522,137.11207834082649,road,
a7552dbe-7bdc-44ed-9d66-0dfc53035a77,35.18499987472474,137.10976802972397,road,
858b7a88-b353-46e9-85e2-e0ba264f79c6,35.18444352751992,137.10958161936833,road,
8328bf21-3a52-4700-9e74-fd493db315ea,35.18502426775318,137.11009362474238,road,
1b38e399-60cb-4a13-976e-c4e6b5b7ac6b,35.18482252910353,137.11005097329075,road,
b10a20cd-7405-44ad-8100-f83bd7a1438f,35.18474741121126,137.11001849892705,road,
72fd19dc-04a4-40ab-b019-e01ad08dc8ec,35.18394127568807,137.11028162699432,road,
01073068-9faf-47d6-9740-2dc436e3db04,35.18462960448653,137.11053933380174,road,
32e36493-b5d6-4e54-8e34-e1778b4bdee5,35.18398950843449,137.1106300646034,road,
ed5dfc57-ae60-456a-947e-5e2477af933a,35.184598158696815,137.11024485781968,road,
cfe162d6-defb-4b34-bd05-209a5084ee2f,35.18473681464613,137.11019270475424,road,
409409b4-730a-485e-aeeb-69f284cbbd16,35.183711071637816,137.11100397270883,road,
3f4dc726-43da-4299-b348-96a3fccce110,35.184012836303125,137.1109674706782,road,
61cb1531-4295-44b7-afae-9f4cdfa5be4e,35.18405965728047,137.11178952816607,road,
531ea2a8-9694-4c0c-8aca-b316d8a782fa,35.18464987438284,137.11304400197304,road,
5f1c5835-c8df-488f-aa4c-bbbfe4910b96,35.18392103274901,137.1109790944514,road,
f15156ab-4f75-438f-9044-232f033e0e2e,35.18284065318828,137.11490207724842,entrance,
f8905405-484f-45d9-8715-72e1d73a6945,35.18439279663039,137.1111711920375,road,
35abee71-cee0-4fa1-88ed-6172429587e6,35.18426013927028,137.11118882308722,road,
cfc23c28-18ad-4451-90cf-92048eafdd31,35.18425853596159,137.11123296147383,road,
a2139dd7-ea95-4ab2-8285-cc2d3f69b4f2,35.18420003262139,137.11124700664328,road,
715fb96c-b67e-40b8-8791-c35ca2daab92,35.18416454296266,137.11125469380482,entrance,
899a5f57-5bbf-40d4-8b13-ab3fbe153088,35.184218755825114,137.11160808380657,road,
90df64e5-f622-4caf-bc39-63f9afd2288e,35.18403534051761,137.11155825114605,road,
f13c4fad-fc3b-42d6-8983-b10b0d30e94d,35.183970543263754,137.1115635365827,road,
f6443e75-6013-46b9-9337-3b33c1f3136c,35.18375125601365,137.11159162832735,road,
874706c1-a8e6-4de5-a0e6-0c2d4be25f58,35.18397496527551,137.11164133942867,road,
11d66398-fc0e-44db-904f-5d2f1caa84cd,35.184216597666534,137.1115332909867,road,
ee24758e-ce21-4077-9370-fd80e4682f4c,35.184004391987514,137.11127373109957,road,
7260771f-d6e5-4b51-9d84-7fc8b47d4d3b,35.184175770649915,137.11147269472985,road,
42850d8b-b62b-441d-81fd-800f44d80568,35.18382979569158,137.11158099923227,road,
bfd72d02-530c-4bb0-b39d-c16e48531242,35.18436889341065,137.1110968067852,entrance,
abfc8e61-28c0-4fb7-b76c-a48f74d62880,35.18408339798192,137.11216643457902,road,
04574971-9b93-4e97-a09d-26f44e4f29c1,35.18436376911056,137.1121201163956,road,
6a220157-31fc-44aa-9028-8f8bb4ee4d5c,35.18418036414337,137.11151974599846,road,
dbd088c4-1ee8-4d34-ba64-5c6f8b0ea116,35.18440663642575,137.11112734744432,road,
d89c6506-ebb0-4f98-8646-01f282f749b7,35.18404290172079,137.1127029943097,road,
14e7b714-951c-4a13-a05a-4ea0819a3a5a,35.18423331494455,137.11310632219806,entrance,
e6c29a50-4a9b-40af-8b84-b3e94258de62,35.18428525444641,137.1131017829232,road,
8d6d2c42-3aeb-4d00-83f2-4977c39b6324,35.18426052135436,137.11269476123005,road,
5ac8d891-c433-4b3b-9f1f-a3325af24396,35.1839080739735,137.11271594451546,road,
6147c0df-bf1c-4a60-9fa1-d84133845938,35.18392538721078,137.11319254323132,road,
e68686b2-f7ae-40c8-aec5-93b8a713c452,35.183882638671165,137.11555001765436,road,
a0b55ff9-8239-408e-b65b-2150c892af66,35.18383738824167,137.1146494847212,road,
05fe32aa-6946-4c11-8be8-2d3c5eebbe5b,35.18386825290118,137.1153822484054,road,
02b056fe-d891-4522-bf65-726c207512a7,35.183909093909506,137.1151643260058,entrance,
b0a34a52-ee96-4520-81f9-3bb5c24922f0,35.18385587683409,137.11508696982554,road,
3f97edff-6fa8-42dc-a2a7-2c7f197291ec,35.183540540765904,137.1153147246469,road,
e6467f61-8034-4ff1-8e82-312e8c2435d5,35.1833972949898,137.1152039023903,road,
a004abcb-b1fa-41f1-81d0-f7374c81b9a0,35.18316119877498,137.11505682591934,road,
43df1b9a-e210-4bcf-a738-3c6b2f1f89e4,35.18306186540585,137.11494233525463,road,
4f14ddc4-8625-4c4a-8ade-0816f99c9051,35.18302730442082,137.11454565661546,road,
29abf300-4225-42c1-883a-1dc7d66442ad,35.18285958903884,137.11455270219466,road,
d19a1884-a35c-4b84-89e2-3028a2fdf871,35.18334551427276,137.11495892244506,road,
e2c1a190-bb0a-4c76-aacc-66d3c48a02fc,35.1832344036406,137.11495278293648,road,
55e9fc85-f139-436a-addc-3a6642f9a1f9,35.18192985680379,137.11178679211747,entrance,
013fab45-2f71-41f9-8fa8-7483b37661ce,35.1818488050621,137.11179115109934,entrance,
9b57c5f9-82c0-4a9a-b09e-72442e401fe6,35.18206167703973,137.11167563807544,road,
4141b133-47c5-4fb0-b491-fb5e09300378,35.18200649826622,137.1103795702229,road,
9a0bf231-431c-4a38-a843-9a3f55bd0afe,35.18189078933672,137.11030657317838,road,
64485c57-60a8-4eda-a414-ea4b3b587eed,35.1844677500562,137.1168129899433,road,
d02a1ff1-95cf-4e5c-bd99-4e0aca1fa778,35.18454188241232,137.11557073679467,road,
3ae7ba7c-ea51-40a6-a16c-3ae9f764a248,35.18454371529367,137.11535170374935,road,
3d65f6cc-49b7-46ee-921b-7e3d824b795d,35.18169061272553,137.11796864604554,facility,151
eb87c3af-0aa7-4032-81f1-b84d54a93d3d,35.1817014897109,137.11789029765566,road,
c0105ffe-8cb4-40ba-89c4-a4a106d6f187,35.181778982898265,137.11739561936196,road,
5aec3c9f-158b-4d10-8e20-75c1623d9071,35.18273118193865,137.11547046841076,facility,202
50f67d74-9b5b-45c2-b216-a0e69d26fb0a,35.183039762020854,137.11710298108852,road,
73f66300-44ff-4ff1-add4-af3709f60be5,35.182935606244314,137.11663973556983,road,
1f70292e-3ba2-4a9b-ad0c-da6187195307,35.18288484445338,137.116644758264,road,
